NÂº,#,TID,EPC,,,(kHz),(0Â°-180Â°),
1,3,E2801100200055464D3C0239,4E201981DAB4000000000000,-54,11,923250,42,Gen2
2,3,E200680B00004006A06180750000000000000000000000000000,E200680B0000000000000000,-59,11,923250,143,Gen2
3,3,E200680B000040069F34E4A20000000000000000000000000000,E200680B0000000000000000,-56,11,923250,64,Gen2
4,3,E200680B00004006A1A19C450000000000000000000000000000,E200680B0000000000000000,-52,11,923250,42,Gen2
5,3,E200680B00004006A19284840000000000000000000000000000,E200680B0000000000000000,-51,11,923250,61,Gen2
6,2,E2003412013BFE00025AEA6E2703013530055FFBFFFFDC50,E2003098410B02340410EA6E,-51,11,923250,146,Gen2
7,1,E2003412013BFE00025AEA6E2703013630055FFBFFFFDC50,E2003098410B02340410EA6E,-55,11,923250,30,Gen2
8,3,E2003412012D03000E8831A91206012B300D5FFBFFFFDC60,AA0004EF55555555AA0190F7,-53,11,923250,45,Gen2
9,2,E200680B00004006A1B320F90000000000000000000000000000,E200680B0000000000000000,-51,11,923250,135,Gen2
10,1,E2003412012D03000E8831A91206012B700D5FFBFFFFDC60,AA0004EF55555555AA0190F7,-48,11,923250,33,Gen2
11,2,E200680B000040069F2320C70000000000000000000000000000,E200680B0000000000000000,-54,11,923250,151,Gen2
12,1,E20034120130FD000D21A4D10113012D300D5FFBFFFFDC50,8A4B0001555555558A4B06D8,-51,11,923250,33,Gen2
13,1,E20034120130FD000D21A4D10113012E300D5FFBFFFFDC50,8A4B0001555555558A4B06D8,-55,11,923250,143,Gen2
14,1,E20034120130FD000D21A4D101130128000D5FFBFFFFDC50,8A4B0001555555558A4B06D8,-60,11,923250,19,Gen2
15,1,E2003412017CC2FFEEFDC79A140F016F100D5FFBFFFFDC70,E2000019161301652040462E,-59,11,923250,78,Gen2
16,1,E2003412017CC2FFEEFDC79A140F0170300D5FFBFFFFDC70,E2000019161301652040462E,-58,11,923250,39,Gen2
17,1,E2003412017CC2FFEEFDC79A140F0170000D5FFBFFFFDC70,E2000019161301652040462E,-61,11,913250,177,Gen2
18,1,E200341201251B00017ADDDD1F11011C300D5FFBFFFFDC60,E200001D160802602150E6E2,-59,11,923250,160,Gen2
19,1,E200341201251B00017ADDDD1F110124300D5FFBFFFFDC60,E200001D160802602150E6E2,-57,11,923250,165,Gen2
20,1,E200341201251B00017ADDDD1F110123300D5FFBFFFFDC60,E200001D160802602150E6E2,-56,11,923250,123,Gen2
21,3,E200680B000040069F24BD2B0000000000000000000000000000,E200680B0000000000000000,-51,11,923250,2,Gen2
22,3,E200680B00004006A032A0DD0000000000000000000000000000,E200680B0000000000000000,-58,11,923250,42,Gen2
23,2,E200680B00004006A1B38CC40000000000000000000000000000,E200680B0000000000000000,-51,11,923250,132,Gen2
24,2,E2003412013D01000C48AAA61D03013D700D5FFBFFFFDC50,E200001D170702772130F4C2,-49,11,923250,132,Gen2
25,20,,E200001D170702772130F4C2,-61,11,923250,84,Gen2
26,4,E20065750549AD95,58761,-55,11,923250,137,Gen2
27,2,E200680B00004006A046108C0000000000000000000000000000,E200680B0000000000000000,-57,11,923250,171,Gen2
28,4,E200680B00004006A1B324310000000000000000000000000000,E200680B0000000000000000,-52,11,923250,47,Gen2
29,3,E200680B00004006B9F3004F0000000000000000000000000000,E200680B0000000000000000,-60,11,923250,19,Gen2
30,1,E2003412012F0200032ABB021C05012B300D5FFBFFFFDC40,E200001983060155212086F1,-51,11,923250,95,Gen2
31,3,E2003412012F0200032ABB021C05012C300D5FFBFFFFDC40,E200001983060155212086F1,-51,11,923250,123,Gen2
32,4,E20065750548C7DB,33562,-56,11,913250,5,Gen2
33,4,E2006575054948B6,70253,-58,11,923250,81,Gen2
34,4,E20065750549761E,59485,-56,11,923250,115,Gen2
35,1,E2003412013A03000EECD90C11180136700D5FFBFFFFDC50,E200001D890101430770735B,-49,11,923250,132,Gen2
36,3,E2003412013A03000EECD90C11180135700D5FFBFFFFDC50,E200001D890101430770735B,-48,11,923250,70,Gen2
37,1,E2003412013C1B00028842DE1B110139700D5FFBFFFFDC50,4E20190A0000000000000045,-50,11,923250,56,Gen2
38,2,E200600316D8F3AB,14108,-55,11,923250,104,Gen2
39,2,E20034120158C2FFEE5DD3A819120153300D5FFBFFFFDC00,E200001D641501991160B05C,-55,11,923250,171,Gen2
40,1,E20034120136040000A49D240E010131300D5FFBFFFFDC50,AA0004EF55555555AA048A81,-52,11,923250,75,Gen2
41,1,E20034120136040000A49D240E010132300D5FFBFFFFDC50,AA0004EF55555555AA048A81,-55,11,923250,19,Gen2
42,3,E2006575054896A4,11511,-58,11,923250,84,Gen2
43,3,E200600316D90C54,40913,-56,11,923250,16,Gen2
44,3,E200680B000040069F35F8840000000000000000000000000000,E200680B0000000000000000,-50,11,923250,67,Gen2
45,2,E2003412012F1E0001B84DFD021B012D300D5FFBFFFFDC40,E200001B07170208279004D8,-53,11,923250,22,Gen2
46,1,E2003412012F1E0001B84DFD021B012E300D5FFBFFFFDC40,E200001B07170208279004D8,-51,11,923250,39,Gen2
47,3,E2003412012E2000002FF5E8180C0129300D5FFBFFFFDC60,E20000208303013114606BA9,-55,11,915250,30,Gen2
48,1,E2003412012E2000002FF5E8180C0133300D5FFBFFFFDC60,E20000208303013114606BA9,-52,11,923250,67,Gen2
49,7,E2003412012E2000002FF5E8180C012A700D5FFBFFFFDC60,E20000208303013114606BA9,-51,11,921250,84,Gen2
50,13,E2003412012E2000002FF5E8180C012B300D5FFBFFFFDC60,E20000208303013114606BA9,-58,11,904750,47,Gen2
51,15,E2003412012E2000002FF5E8180C012A300D5FFBFFFFDC60,E20000208303013114606BA9,-51,11,915250,2,Gen2
52,1,E2003412012E2000002FF5E8180C012C300D5FFBFFFFDC60,E20000208303013114606BA9,-59,11,905250,151,Gen2
53,1,E2003412012E2000002FF5E8180C012B100D5FFBFFFFDC60,E20000208303013114606BA9,-60,11,923750,84,Gen2
54,5,E2003412012E2000002FF5E8180C0128300D5FFBFFFFDC60,E20000208303013114606BA9,-56,11,911250,132,Gen2
55,2,E2003412012E2000002FF5E8180C0128100D5FFBFFFFDC60,E20000208303013114606BA9,-59,11,916750,42,Gen2
56,2,E20065750548E7FA,68544,-61,11,923250,47,Gen2
57,1,E28011002000745EB8DC0983,4E20198639CC000000000001,-56,11,923250,132,Gen2
58,2,E2003412013DFF000C4EBF7F041A013B300D5FFBFFFFDC50,E2000020391000831880369E,-53,11,923250,73,Gen2
59,1,E2003412013DFF000C4EBF7F041A013C300D5FFBFFFFDC50,E2000020391000831880369E,-51,11,923250,33,Gen2
60,3,E200600316D921AD,15990,-55,11,923250,109,Gen2
61,1,E20034120135010004DFFC120D0F012F300D5FFBFFFFDC50,E200001B231002271970D151,-58,11,923250,146,Gen2
62,1,E20034120135010004DFFC120D0F0131300D5FFBFFFFDC50,E200001B231002271970D151,-57,11,923250,154,Gen2
63,1,E200680B00004006B9F35C6A0000000000000000000000000000,E200680B0000000000000000,-50,11,923250,115,Gen2
64,5,E200680B00004006A1B32C5F0000000000000000000000000000,E200680B0000000000000000,-50,11,923250,95,Gen2
65,2,E200680B00004006A1B3D0680000000000000000000000000000,E200680B0000000000000000,-48,11,923250,160,Gen2
66,3,E200600316D97E19,35325,-61,11,923250,95,Gen2
67,3,E200657505497BE7,59467,-59,11,923250,14,Gen2
68,2,E200680B00004006A1B194340000000000000000000000000000,E200680B0000000000000000,-59,11,923250,42,Gen2
69,3,E20065750548E8F7,79480,-59,11,923250,115,Gen2
70,2,E200341201370500004E984F1D170134300D5FFBFFFFDC50,E2000020230102041200B5D2,-55,11,923250,137,Gen2
71,2,E200600316D97405,8847,-58,11,923250,25,Gen2
72,3,E2003412013401000B1625EA11100134300D5FFBFFFFDC60,000000000000000000C1235B,-53,11,923250,165,Gen2
73,1,E2003412013401000B1625EA11100133300D5FFBFFFFDC60,000000000000000000C1235B,-55,11,923250,112,Gen2
74,3,E200680B00004006A032983D0000000000000000000000000000,E200680B0000000000000000,-54,11,923250,174,Gen2
75,1,E200680B00004006A1B1C0610000000000000000000000000000,E200680B0000000000000000,-61,11,923250,129,Gen2
76,3,E200680B00004006B9F310580000000000000000000000000000,E200680B0000000000000000,-45,11,923250,154,Gen2
77,3,E200680B00004006A19131160000000000000000000000000000,E200680B0000000000000000,-49,11,923250,160,Gen2
78,2,E2003412012603000E8831A513060122300D5FFBFFFFDC70,AA0004EF55555555AA019056,-55,11,923250,39,Gen2
79,1,E20034120148C3FFEE986C4D0C1A014810055FFBFFFFDC40,E2008347590902570980B318,-59,11,923250,22,Gen2
80,1,E2003412012603000E8831A51306012A300D5FFBFFFFDC70,AA0004EF55555555AA019056,-51,11,923250,67,Gen2
81,3,E20034120148C3FFEE986C4D0C1A014730055FFBFFFFDC40,E2008347590902570980B318,-51,11,923250,109,Gen2
82,2,E2003412012603000E8831A513060129300D5FFBFFFFDC70,AA0004EF55555555AA019056,-52,11,923250,45,Gen2
83,3,E200600316D94DE1,18880,-55,11,923250,132,Gen2
84,3,E200657505496DCB,65389,-55,11,923250,146,Gen2
85,4,E280110020007396D5C409B9,800720000000000000011660,-56,11,913250,87,Gen2
86,4,E28011052000785176560A6B000000000000000000000000,FFFF0751,-45,11,923250,165,Gen2
87,2,E200680B000040069F2580DF0000000000000000000000000000,E200680B0000000000000000,-54,11,913250,112,Gen2
88,3,E200680B00004006A031C8270000000000000000000000000000,E200680B0000000000000000,-55,11,923250,53,Gen2
89,1,E2003412012B1C00014C391B0A1B0127100D5FFBFFFFDC50,E200001D7619014607007A35,-58,11,923250,112,Gen2
90,3,E200657505489551,48366,-59,11,923250,132,Gen2
91,1,E2003412012B1C00014C391B0A1B0126300D5FFBFFFFDC50,E200001D7619014607007A35,-58,11,923250,64,Gen2
92,1,E2003412012B1C00014C391B0A1B0127300D5FFBFFFFDC50,E200001D7619014607007A35,-55,11,923250,67,Gen2
93,1,E2003412012B1C00014C391B0A1B0128100D5FFBFFFFDC50,E200001D7619014607007A35,-59,11,923250,174,Gen2
94,2,E200600316D93269,54312,-57,11,923250,28,Gen2
95,1,E200341201321B00017ABA34181E0130300D5FFBFFFFDC50,E200001D160802112700C339,-51,11,923250,56,Gen2
96,2,E200341201321B00017ABA34181E012F700D5FFBFFFFDC50,E200001D160802112700C339,-48,11,923250,95,Gen2
97,1,E200341201321B00017ABA34181E0130700D5FFBFFFFDC50,E200001D160802112700C339,-47,11,923250,106,Gen2
98,3,E200657505497025,81643,-55,11,923250,30,Gen2
99,2,E200657505487886,31783,-60,11,923250,84,Gen2
100,4,E200680B00004006A1B3E4F10000000000000000000000000000,E200680B0000000000000000,-58,11,923250,174,Gen2
101,3,E200680B00004006A1B350580000000000000000000000000000,E200680B0000000000000000,-51,11,923250,16,Gen2
102,2,E200657505495800,59252,-60,11,923250,64,Gen2
103,2,E20065750548C4BB,43367,-58,11,923250,42,Gen2
104,2,E200680B00004006A1B33CD30000000000000000000000000000,E200680B0000000000000000,-58,11,923250,154,Gen2
105,2,E200680B00004006B9F1508B0000000000000000000000000000,E200680B0000000000000000,-51,11,923250,135,Gen2
106,1,E2003412012FFC000E0FCEA40D15011D300D5FFBFFFFDC40,E2003412012FFC000E0FCEA4,-55,11,923250,120,Gen2
107,1,E2003412012FFC000E0FCEA40D150130300D5FFBFFFFDC40,E2003412012FFC000E0FCEA4,-53,11,923250,75,Gen2
108,1,E200341201320200077313B016100123300D5FFBFFFFDC50,E200341201320200077313B0,-55,11,923250,163,Gen2
109,1,E200341201320200077313B016100129300D5FFBFFFFDC50,E200341201320200077313B0,-55,11,923250,11,Gen2
110,1,E200341201320200077313B01610012D300D5FFBFFFFDC50,E200341201320200077313B0,-53,11,923250,2,Gen2
111,1,E200341201320200077313B01610012E300D5FFBFFFFDC50,E200341201320200077313B0,-53,11,923250,154,Gen2
112,10,E200680B00004006A191BC9F0000000000000000000000000000,E200680B0000000000000000,-55,11,913250,61,Gen2
113,4,E200600316D99D48,16739,-55,11,923250,132,Gen2
114,4,E200680B00004006A1B3F4090000000000000000000000000000,E200680B0000000000000000,-51,11,923250,84,Gen2
115,3,E200680B000040069F35086A0000000000000000000000000000,E200680B0000000000000000,-56,11,923250,33,Gen2
116,1,E200680B00004006B9F154DA0000000000000000000000000000,E200680B0000000000000000,-46,11,923250,132,Gen2
117,2,E200680B00004006A1B4002F0000000000000000000000000000,E200680B0000000000000000,-60,11,923250,135,Gen2
118,3,E200657505498B2A,66609,-56,11,923250,112,Gen2
119,3,E200600316D98215,24261,-59,11,923250,95,Gen2
120,1,E200680B00004006A19534C80000000000000000000000000000,E200680B0000000000000000,-51,11,923250,75,Gen2
121,2,E2003412012D02000A534B92010A012A300D4AFBFFFFDC40,4E20190A02D3800000000001,-51,11,923250,135,Gen2
122,2,E200680B00004006A1B3DCE80000000000000000000000000000,E200680B0000000000000000,-51,11,923250,165,Gen2
123,5,E28011052000794274ED0A6B000000000000000000000000,FFFF2BAA,-37,11,923250,87,Gen2
124,1,E20034120189C2FFEE92E46E0506017A30055FFBFFFFDC00,050914201600000000000929,-60,11,923250,168,Gen2
125,4,E200680B00004006B9F310560000000000000000000000000000,E200680B0000000000000000,-51,11,923250,137,Gen2
126,2,E200680B00004006A061AC6F0000000000000000000000000000,E200680B0000000000000000,-58,11,923250,14,Gen2
127,2,E20065750549592C,64680,-54,11,923250,47,Gen2
128,1,E200680B00004006B9F26D1F0000000000000000000000000000,E200680B0000000000000000,-51,11,923250,56,Gen2
129,2,E200680B00004006B9F0F4860000000000000000000000000000,E200680B0000000000000000,-48,11,923250,135,Gen2
130,6,E20065750549248D,73446,-53,11,923250,165,Gen2
131,2,E20065750549A3AC,83556,-57,11,923250,61,Gen2
132,1,E2801105200076CA74B30A6B000000000000000000000000,FFFF3185,-38,11,923250,5,Gen2
133,2,E200680B00004006A1B331340000000000000000000000000000,E200680B0000000000000000,-52,11,923250,123,Gen2
134,12,E20065750548B3A1,31343,-52,11,905250,50,Gen2
135,3,E2003412013B010004E0051E191E0136700D5FFBFFFFDC60,E200001B231002422090DA5D,-51,11,923250,42,Gen2
136,30,E200680B00004006A19594770000000000000000000000000000,E200680B0000000000000000,-59,11,921250,42,Gen2
137,2,E200680B00004006A1B29CCF0000000000000000000000000000,E200680B0000000000000000,-59,11,923250,28,Gen2
138,3,E2006575054982A7,57702,-59,11,923250,56,Gen2
139,3,E200657505499365,66890,-57,11,923250,174,Gen2
140,2,E200600316D90A61,28539,-60,11,923250,112,Gen2
141,1,E20034120130C1FFEEFEA7771B21012D10055FFBFFFFDC50,1106,-59,11,923250,154,Gen2
142,1,E20034120130C1FFEEFEA7771B21012C00055FFBFFFFDC50,1106,-61,11,923250,75,Gen2
143,3,E200600316D9097A,28533,-54,11,923250,45,Gen2
144,2,E200680B00004006B9F140BE0000000000000000000000000000,E200680B0000000000000000,-51,11,923250,174,Gen2
145,2,E200680B00004006B9F1D1100000000000000000000000000000,E200680B0000000000000000,-48,11,923250,157,Gen2
146,3,E200680B00004006A046108E0000000000000000000000000000,E200680B0000000000000000,-51,11,923250,109,Gen2
147,1,E20034120133200000304AF610030130100D5FFBFFFFDC60,E2000020830302151070C0B7,-61,11,923250,61,Gen2
148,1,E20034120133200000304AF610030130300D5FFBFFFFDC60,E2000020830302151070C0B7,-54,11,923250,157,Gen2
149,2,E200600316D9A04E,12883,-54,11,923250,36,Gen2
150,2,E200341201271C00014C857E0D0C0127300D5FFBFFFFDC60,E200001D761902240730C698,-51,11,923250,11,Gen2
151,2,E200680B00004006B9F1CD190000000000000000000000000000,E200680B0000000000000000,-55,11,923250,104,Gen2
152,2,E200680B00004006A1B214500000000000000000000000000000,E200680B0000000000000000,-54,11,923250,39,Gen2
153,1,E2003412012FFB0005203904291A012C30055FFBFFFFDC40,E2005186000A26000430E904,-50,11,923250,135,Gen2
154,2,E20034120145C3FFEE9804C61919014430055FFBFFFFDC40,E20083475909002519504B91,-53,11,923250,129,Gen2
155,1,E2003412013DFF000C4F1E9E0E130139100D5FFBFFFFDC50,E200002039100169167095BD,-59,11,923250,154,Gen2
156,3,E2003412013DFF000C4F1E9E0E13013B300D5FFBFFFFDC50,E200002039100169167095BD,-55,11,923250,135,Gen2
157,2,E2003412013DFF000C4F1E9E0E13013A300D5FFBFFFFDC50,E200002039100169167095BD,-55,11,923250,75,Gen2
158,3,E200680B00004006A03208D80000000000000000000000000000,E200680B0000000000000000,-49,11,923250,50,Gen2
159,1,E20034120164C2FFEE5DCBCB10080160100D5FFBFFFFDC00,E200001D641501890760A87F,-59,11,923250,36,Gen2
160,3,E2006575054983CA,84799,-55,11,923250,174,Gen2
161,3,E200680B00004006A191FCD40000000000000000000000000000,E200680B0000000000000000,-58,11,923250,109,Gen2
162,3,E200680B00004006B9F154DD0000000000000000000000000000,E200680B0000000000000000,-54,11,923250,157,Gen2
163,2,E2003412012DFD0006DB019D0A08012C300D5FFBFFFFDC50,E2000015350901892870019D,-51,11,923250,2,Gen2
164,1,E2003412012DFD0006DB019D0A08012D300D5FFBFFFFDC50,E2000015350901892870019D,-52,11,923250,92,Gen2
165,3,E200680B00004006A19234190000000000000000000000000000,E200680B0000000000000000,-54,11,923250,132,Gen2
166,6,E200680B00004006A1B33C9F0000000000000000000000000000,E200680B0000000000000000,-52,11,905250,146,Gen2
167,3,E20065750548E7CD,78899,-56,11,923250,135,Gen2
168,2,E200600316D98830,76467,-59,11,923250,14,Gen2
169,2,E200680B000040069F2628990000000000000000000000000000,E200680B0000000000000000,-58,11,923250,42,Gen2
170,1,E2003412012F03000D85BE64080E012C300D5FFBFFFFDC60,004472003318013322306CE6,-51,11,923250,106,Gen2
171,1,E2003412012F03000D85BE64080E012D300D5FFBFFFFDC60,004472003318013322306CE6,-50,11,923250,67,Gen2
172,3,E200680B00004006B9F270980000000000000000000000000000,E200680B0000000000000000,-50,11,923250,112,Gen2
173,2,E2003412013DC1FFEEFA11DC050A013910055FFBFFFFDC60,5845,-59,11,923250,42,Gen2
174,2,E200680B000040069F2584B10000000000000000000000000000,E200680B0000000000000000,-50,11,923250,56,Gen2
175,4,E200600316D92A9E,21101,-55,11,923250,165,Gen2
176,3,E200680B00004006A1B2244A0000000000000000000000000000,E200680B0000000000000000,-51,11,923250,75,Gen2
177,1,E200657505496D72,59616,-59,11,923250,135,Gen2
178,2,E200680B00004006A1B3F9000000000000000000000000000000,E200680B0000000000000000,-49,11,923250,135,Gen2
179,4,E200680B00004006A061D0590000000000000000000000000000,E200680B0000000000000000,-51,11,923250,22,Gen2
180,2,E200341201350200032AEE9F0D180131300D5FFBFFFFDC50,E2000019830602052280BA8E,-55,11,923250,112,Gen2
181,1,E200341201350200032AEE9F0D180132300D5FFBFFFFDC50,E2000019830602052280BA8E,-51,11,923250,160,Gen2
182,4,E200600316D8E90A,14146,-59,11,923250,39,Gen2
183,2,E200680B00004006B9F17C4F0000000000000000000000000000,E200680B0000000000000000,-60,11,923250,39,Gen2
184,2,E2003412012E0200032A7F421B0B012C300D5FFBFFFFDC50,E20000198306009927304B31,-56,11,923250,42,Gen2
185,1,E2003412012E0200032A7F421B0B012D300D5FFBFFFFDC50,E20000198306009927304B31,-54,11,923250,2,Gen2
186,2,E200600316D97F18,35326,-57,11,923250,14,Gen2
187,2,E200680B00004006B9F14CF40000000000000000000000000000,E200680B0000000000000000,-51,11,923250,146,Gen2
188,1,E2003412013B02000A534B72090A0137100D4AFBFFFFDC60,4E20190A02D7C00000000001,-56,11,923250,11,Gen2
189,2,E20034120163C3FFEE9784EE1C15016130055FFBFFFFDC40,E2008347590802520720CEAA,-52,11,923250,73,Gen2
190,1,E20034120163C3FFEE9784EE1C15016230055FFBFFFFDC40,E2008347590802520720CEAA,-51,11,923250,177,Gen2
191,2,E200680B00004006A1B1C0AA0000000000000000000000000000,E200680B0000000000000000,-61,11,923250,2,Gen2
192,3,E200680B00004006A1B3884C0000000000000000000000000000,E200680B0000000000000000,-59,11,923250,160,Gen2
193,1,E200341201370200032B19EE01080133300D5FFBFFFFDC50,E2000019830602512160E5DD,-50,11,923250,33,Gen2
194,3,E200341201370200032B19EE01080133700D5FFBFFFFDC50,E2000019830602512160E5DD,-49,11,923250,45,Gen2
195,2,E20065750548599D,55011,-59,11,905250,149,Gen2
196,3,E200341201322000002FEC140D040131300D5FFBFFFFDC60,E200002083030123073061D5,-52,11,923250,2,Gen2
197,4,E200680B00004006A1B31C700000000000000000000000000000,E200680B0000000000000000,-51,11,923250,42,Gen2
198,2,E200680B00004006A1B32CD90000000000000000000000000000,E200680B0000000000000000,-53,11,923250,33,Gen2
199,1,E2003412012A03000EECB4AB03140129700D5FFBFFFFDC50,E200001D8901010806304EFA,-52,11,923250,95,Gen2
200,1,E2003412012A03000EECB4AB0314012A300D5FFBFFFFDC50,E200001D8901010806304EFA,-51,11,923250,14,Gen2
201,1,E2003412012A03000EECB4AB03140129300D5FFBFFFFDC50,E200001D8901010806304EFA,-53,11,923250,132,Gen2
202,3,E20065750548CA33,36650,-57,11,923250,42,Gen2
203,1,E200341201280300048DE708150C0127300D5FFBFFFFDC60,E200001A350C01932670AA88,-50,11,923250,92,Gen2
204,1,E200341201280300048DE708150C0128300D5FFBFFFFDC60,E200001A350C01932670AA88,-51,11,923250,11,Gen2
205,2,E200657505498521,71631,-56,11,923250,98,Gen2
206,1,E20034120132FF000C4ED33D12160131100D5FFBFFFFDC50,E20000203910011023304A5C,-61,11,923250,160,Gen2
207,1,E20034120132FF000C4ED33D12160132100D5FFBFFFFDC50,E20000203910011023304A5C,-61,11,923250,129,Gen2
208,2,E200600316D92FC9,16663,-59,11,913250,151,Gen2
209,2,E200680B00004006A1A154360000000000000000000000000000,E200680B0000000000000000,-60,11,923250,115,Gen2
210,1,E200341201311B00028827E5040E012F100D5FFBFFFFDC60,4E20190A0000000000000958,-56,11,923250,132,Gen2
211,2,E200680B00004006B9F2A4A20000000000000000000000000000,E200680B0000000000000000,-50,11,923250,146,Gen2
212,1,E200341201311B00028827E5040E012E300D5FFBFFFFDC60,4E20190A0000000000000958,-55,11,923250,42,Gen2
213,2,E200341201311B00028827E5040E012E000D5FFBFFFFDC60,4E20190A0000000000000958,-58,11,923250,143,Gen2
214,1,E200341201311B00028827E5040E0130300D5FFBFFFFDC60,4E20190A0000000000000958,-51,11,923250,22,Gen2
215,1,E2003412013503000D06719E1C160131000D5FFBFFFFDC60,AA0004EF55555555AA0027AD,-59,11,923250,28,Gen2
216,1,E2003412013503000D06719E1C16012F300D5FFBFFFFDC60,AA0004EF55555555AA0027AD,-51,11,923250,101,Gen2
217,1,E2003412013503000D06719E1C160131300D5FFBFFFFDC60,AA0004EF55555555AA0027AD,-51,11,923250,112,Gen2
218,2,E2003412013503000D06719E1C160130300D5FFBFFFFDC60,AA0004EF55555555AA0027AD,-50,11,923250,98,Gen2
219,2,E200680B00004006A1B1ED270000000000000000000000000000,E200680B0000000000000000,-57,11,923250,174,Gen2
220,1,E20034120144FC000D13FB42011B0142700D5FFBFFFFDC40,E2000019080A027021603823,-51,11,923250,11,Gen2
221,1,E20034120144FC000D13FB42011B0141300D5FFBFFFFDC40,E2000019080A027021603823,-52,11,923250,47,Gen2
222,5,E200680B00004006A1B360430000000000000000000000000000,E200680B0000000000000000,-55,11,923250,132,Gen2
223,1,E2003412013602000A534C36160A0132300D4AFBFFFFDC60,4E20190A02BF800000000001,-49,11,923250,25,Gen2
224,5,E200600316D99666,77444,-55,11,923250,81,Gen2
225,1,E280110520007446B5C80A28000000000000000000000000,FFFF0001,-41,11,923250,56,Gen2
226,1,E2003412013602000A534C36160A0134300D4AFBFFFFDC60,4E20190A02BF800000000001,-52,11,923250,109,Gen2
227,2,E200680B00004006A03140E40000000000000000000000000000,E200680B0000000000000000,-52,11,923250,115,Gen2
228,2,E20065750548CA96,43551,-55,11,923250,92,Gen2
229,2,E200680B00004006A1B401250000000000000000000000000000,E200680B0000000000000000,-57,11,923250,151,Gen2
230,2,E200680B000040069F350D230000000000000000000000000000,E200680B0000000000000000,-54,11,923250,14,Gen2
231,3,E200680B000040069F2610770000000000000000000000000000,E200680B0000000000000000,-51,11,923250,129,Gen2
232,2,E2003412012D0500004DFB6D1B1E012E300D5FFBFFFFDC60,E200002023010056118018F0,-54,11,923250,154,Gen2
233,1,E2003412012D0500004DFB6D1B1E012E700D5FFBFFFFDC60,E200002023010056118018F0,-51,11,923250,160,Gen2
234,2,E20034120138FD0006DB3465041E0135300D5FFBFFFFDC40,E20000153509024221903465,-51,11,923250,146,Gen2
235,4,E200680B00004006A1B3A81C0000000000000000000000000000,E200680B0000000000000000,-58,11,923250,129,Gen2
236,1,E200680B00004006B9F1F0760000000000000000000000000000,E200680B0000000000000000,-61,11,923250,177,Gen2
237,1,E2003412013302000A5349E2100A012F300D4AFBFFFFDC50,4E20190A0307000000000001,-51,11,923250,160,Gen2
238,2,E20065750549BCB9,84746,-60,11,923250,73,Gen2
239,1,E280110020007913BDB609B2,800720000000000000000115,-58,11,923250,115,Gen2
240,3,E200680B00004006A1A17D0C0000000000000000000000000000,E200680B0000000000000000,-54,11,923250,135,Gen2
241,3,E200680B000040069F34811A0000000000000000000000000000,E200680B0000000000000000,-51,11,923250,151,Gen2
242,2,E20034120137FC000D13D6D30B1E0134300D5FFBFFFFDC50,E2000019080A0180257013B4,-50,11,923250,129,Gen2
243,1,E20034120137FC000D13D6D30B1E0135300D5FFBFFFFDC50,E2000019080A0180257013B4,-49,11,923250,154,Gen2
244,1,E20065750548A60C,36689,-59,11,923250,135,Gen2
245,1,E28011002000531A8B7D0170,4E201981DA71000000000000,-59,11,923250,14,Gen2
246,4,E200600316D98E6B,29270,-57,11,923250,137,Gen2
247,4,E200680B00004006A1B36C7B0000000000000000000000000000,E200680B0000000000000000,-50,11,923250,171,Gen2
248,3,E200680B00004006A031811B0000000000000000000000000000,E200680B0000000000000000,-49,11,923250,129,Gen2
249,3,E200680B00004006A031D8980000000000000000000000000000,E200680B0000000000000000,-50,11,923250,157,Gen2
250,4,E200600316D917B7,20623,-58,11,923250,5,Gen2
251,4,E200680B00004006A1A189050000000000000000000000000000,E200680B0000000000000000,-52,11,923250,135,Gen2
252,3,E200680B00004006A1B2D91F0000000000000000000000000000,E200680B0000000000000000,-55,11,923250,33,Gen2
253,3,E200657505496423,82861,-58,11,923250,95,Gen2
254,1,E200680B00004006B9F359310000000000000000000000000000,E200680B0000000000000000,-58,11,923250,95,Gen2
255,3,E200680B00004006A192AC090000000000000000000000000000,E200680B0000000000000000,-51,11,923250,165,Gen2
256,4,E200680B00004006A19288BE0000000000000000000000000000,E200680B0000000000000000,-48,11,923250,154,Gen2
257,1,E2003412012E2000003030341E05012A300D5FFBFFFFDC50,E2000020830301860590A5F5,-56,11,923250,73,Gen2
258,1,E2003412012E2000003030341E050129300D5FFBFFFFDC50,E2000020830301860590A5F5,-54,11,923250,109,Gen2
259,2,E2003412012E2000003030341E05012A700D5FFBFFFFDC50,E2000020830301860590A5F5,-51,11,923250,160,Gen2
260,4,E2006B061B62BA74,111080000000000504426995,-60,11,923250,61,Gen2
261,3,E200680B00004006B9F164510000000000000000000000000000,E200680B0000000000000000,-59,11,923250,171,Gen2
262,2,E2003412013820000030215E02190132300D5FFBFFFFDC50,E2000020830301751240971F,-51,11,923250,90,Gen2
263,1,E2003412013820000030215E02190133300D5FFBFFFFDC50,E2000020830301751240971F,-51,11,923250,154,Gen2
264,1,E2003412013820000030215E02190133700D5FFBFFFFDC50,E2000020830301751240971F,-51,11,923250,135,Gen2
265,2,E20034120183FF0003CD9D312521017630055FFBFFFFDC00,029F81000000000000000000,-49,11,923250,154,Gen2
266,1,E20034120136C0FFEEBA7E3E1502013330055FFBFFFFDC50,020113120000000000000E8F,-57,11,923250,174,Gen2
267,1,E20034120183FF0003CD9D312521017530055FFBFFFFDC00,029F81000000000000000000,-51,11,923250,174,Gen2
268,3,E200680B00004006B9F2B0E80000000000000000000000000000,E200680B0000000000000000,-53,11,923250,8,Gen2
269,3,E200600316D8F975,28608,-58,11,923250,118,Gen2
270,3,E200657505498EC3,71502,-55,11,923250,115,Gen2
271,3,E200680B00004006B9F2E1140000000000000000000000000000,E200680B0000000000000000,-52,11,923250,73,Gen2
272,4,E200680B00004006A195543D0000000000000000000000000000,E200680B0000000000000000,-57,11,923250,174,Gen2
273,4,E200680B00004006A1B1D8CF0000000000000000000000000000,E200680B0000000000000000,-57,11,923250,154,Gen2
274,3,E200680B000040069F323D140000000000000000000000000000,E200680B0000000000000000,-51,11,923250,14,Gen2
275,2,E200680B00004006A1B29C6D0000000000000000000000000000,E200680B0000000000000000,-58,11,923250,112,Gen2
276,2,E2003412013C0200032A986B17060138300D5FFBFFFFDC50,E2000019830601252380645A,-55,11,923250,160,Gen2
277,1,E2003412013C0200032A986B17060139300D5FFBFFFFDC50,E2000019830601252380645A,-54,11,923250,2,Gen2
278,3,E200680B00004006B9F2F40E0000000000000000000000000000,E200680B0000000000000000,-53,11,923250,81,Gen2
279,2,E200680B00004006B9F200150000000000000000000000000000,E200680B0000000000000000,-59,11,923250,64,Gen2
280,5,E200680B00004006A1B345090000000000000000000000000000,E200680B0000000000000000,-55,11,923250,16,Gen2
281,1,E2003412012FFD0006DB08901911012E300D5FFBFFFFDC40,E20000153509010527100890,-49,11,923250,135,Gen2
282,2,E2003412012FFD0006DB08901911012D300D5FFBFFFFDC40,E20000153509010527100890,-51,11,923250,143,Gen2
283,1,E20034120135FB00051FF04F1F1B013370055FFBFFFFDC40,E2005186000A4D001170A04F,-45,11,923250,137,Gen2
284,1,E20034120135FB00051FF04F1F1B013430055FFBFFFFDC40,E2005186000A4D001170A04F,-47,11,923250,98,Gen2
285,1,E20034120135FB00051FF04F1F1B013230055FFBFFFFDC40,E2005186000A4D001170A04F,-47,11,923250,84,Gen2
286,3,E200680B00004006A1B404790000000000000000000000000000,E200680B0000000000000000,-58,11,923250,112,Gen2
287,2,E200680B000040069F35E89B0000000000000000000000000000,E200680B0000000000000000,-54,11,923250,132,Gen2
288,1,E200341201691D0005B9D6B50A180163300D5FFBFFFFDC70,A44300193203005016306DFD,-51,11,923250,104,Gen2
289,3,E200680B00004006A1B3342F0000000000000000000000000000,E200680B0000000000000000,-51,11,923250,104,Gen2
290,4,E200680B00004006A1B2C48F0000000000000000000000000000,E200680B0000000000000000,-58,11,923250,132,Gen2
291,2,E200600316D9343E,53940,-55,11,923250,75,Gen2
292,4,E200680B00004006B9F2184E0000000000000000000000000000,E200680B0000000000000000,-54,11,923250,67,Gen2
293,3,E280110520007791761F0A6B000000000000000000000000,FFFF0781,-52,11,923250,137,Gen2
294,4,E200680B00004006A1B1B9150000000000000000000000000000,E200680B0000000000000000,-52,11,923250,73,Gen2
295,5,E28011002000725334DC09DA,4E2019088139000000000001,-42,11,923250,5,Gen2
296,4,E200657505488248,56590,-54,11,923250,14,Gen2
297,4,E200600316D95AC7,50947,-54,11,923250,104,Gen2
298,3,E20065750548821B,56696,-58,11,923250,22,Gen2
299,2,E200680B00004006B9F2C1010000000000000000000000000000,E200680B0000000000000000,-55,11,923250,163,Gen2
300,3,E200680B00004006A192A42A0000000000000000000000000000,E200680B0000000000000000,-58,11,923250,61,Gen2
301,1,E200680B00004006A1954D120000000000000000000000000000,E200680B0000000000000000,-60,11,923250,135,Gen2
302,4,E200680B00004006A1B1AC470000000000000000000000000000,E200680B0000000000000000,-58,11,923250,157,Gen2
303,3,E200680B00004006A192B0FE0000000000000000000000000000,E200680B0000000000000000,-47,11,923250,151,Gen2
304,1,E200680B00004006B9F20C290000000000000000000000000000,E200680B0000000000000000,-60,11,923250,101,Gen2
305,3,E20065750549B9B1,84602,-54,11,923250,146,Gen2
306,3,E2006575054996FF,57778,-59,11,923250,47,Gen2
307,1,E200680B00004006A1B3E8DA0000000000000000000000000000,E200680B0000000000000000,-59,11,923250,123,Gen2
308,3,E2003412012C2000002FEC1912060129300D5FFBFFFFDC50,E200002083030125078061DA,-54,11,923250,143,Gen2
309,1,E2003412012C2000002FEC191206012A300D5FFBFFFFDC50,E200002083030125078061DA,-51,11,923250,30,Gen2
310,1,E20034120134FD000E49DA94060C0132000D5FFBFFFFDC50,1361,-61,11,913250,33,Gen2
311,3,E200680B000040069F2624AD0000000000000000000000000000,E200680B0000000000000000,-59,11,923250,81,Gen2
312,2,E2003412013902000A534AC6150A0134300D4AFBFFFFDC50,4E20190A02EC400000000001,-49,11,923250,14,Gen2
313,4,E20065750548A241,36796,-54,11,923250,0,Gen2
314,2,E2003412013902000A534AC6150A0133700D4AFBFFFFDC50,4E20190A02EC400000000001,-47,11,923250,104,Gen2
315,1,E2003412013902000A534AC6150A0131700D4AFBFFFFDC50,4E20190A02EC400000000001,-47,11,923250,123,Gen2
316,3,E200680B00004006A1B230720000000000000000000000000000,E200680B0000000000000000,-48,11,923250,132,Gen2
317,2,E200680B00004006A0C164400000000000000000000000000000,E200680B0000000000000000,-51,11,923250,165,Gen2
318,4,E200680B00004006B9F2A8910000000000000000000000000000,E200680B0000000000000000,-57,11,923250,30,Gen2
319,2,E200657505499337,75650,-58,11,923250,50,Gen2
320,3,E200600316D9619A,19216,-58,11,923250,104,Gen2
321,1,E2003412013601000C47EF960D1C0133100D5FFBFFFFDC60,E200001D17070085197039B2,-57,11,923250,135,Gen2
322,2,E200680B00004006A045D0B40000000000000000000000000000,E200680B0000000000000000,-51,11,923250,157,Gen2
323,1,E2003412013601000C47EF960D1C0133300D5FFBFFFFDC60,E200001D17070085197039B2,-52,11,923250,70,Gen2
324,2,E200680B00004006B9F2903F0000000000000000000000000000,E200680B0000000000000000,-59,11,923250,39,Gen2
325,3,E200657505491938,73985,-58,11,923250,16,Gen2
326,3,E200680B00004006A0618C490000000000000000000000000000,E200680B0000000000000000,-56,11,923250,132,Gen2
327,3,E200680B000040069F263C790000000000000000000000000000,E200680B0000000000000000,-55,11,923250,47,Gen2
328,3,E200680B000040069F2230420000000000000000000000000000,E200680B0000000000000000,-55,11,923250,42,Gen2
329,4,E200680B000040069F2608C30000000000000000000000000000,E200680B0000000000000000,-53,11,923250,33,Gen2
330,3,E200680B00004006B9F2D9140000000000000000000000000000,E200680B0000000000000000,-47,11,923250,137,Gen2
331,3,E200680B000040069F3660A30000000000000000000000000000,E200680B0000000000000000,-53,11,923250,70,Gen2
332,2,E200341201371E0001CCCBF00F0A0133300D5FFBFFFFDC60,0E113F000000000000000000,-49,11,923250,146,Gen2
333,3,E200680B00004006A03180E50000000000000000000000000000,E200680B0000000000000000,-48,11,923250,56,Gen2
334,1,E200341201371E0001CCCBF00F0A0134700D5FFBFFFFDC60,0E113F000000000000000000,-50,11,923250,106,Gen2
335,2,E200680B00004006A1B318440000000000000000000000000000,E200680B0000000000000000,-51,11,923250,36,Gen2
336,3,E200600316D93364,54309,-56,11,923250,70,Gen2
337,1,E28011052000750374E70A6B000000000000000000000000,FFFF274C,-49,11,923250,90,Gen2
338,3,E200680B00004006A194F0E20000000000000000000000000000,E200680B0000000000000000,-56,11,923250,75,Gen2
339,4,E200680B00004006A1B400F20000000000000000000000000000,E200680B0000000000000000,-52,11,923250,33,Gen2
340,2,E200341201391B00017A985D101F0134300D5FFBFFFFDC60,E200001D160801812310A162,-55,11,923250,53,Gen2
341,1,E200680B00004006B9F0B4E30000000000000000000000000000,E200680B0000000000000000,-58,11,923250,123,Gen2
342,2,E200680B000040069F22DD170000000000000000000000000000,E200680B0000000000000000,-58,11,923250,151,Gen2
343,2,E200680B00004006A19290800000000000000000000000000000,E200680B0000000000000000,-60,11,923250,2,Gen2
344,4,E200680B00004006A032602D0000000000000000000000000000,E200680B0000000000000000,-53,11,923250,132,Gen2
345,2,E200680B000040069F25C4DE0000000000000000000000000000,E200680B0000000000000000,-52,11,923250,73,Gen2
346,2,E200600316D9650A,35140,-59,11,923250,160,Gen2
347,2,E200680B00004006B9F130E20000000000000000000000000000,E200680B0000000000000000,-51,11,923250,171,Gen2
348,5,E200680B00004006A0322CD00000000000000000000000000000,E200680B0000000000000000,-55,11,923250,171,Gen2
349,3,E200680B00004006A03050990000000000000000000000000000,E200680B0000000000000000,-56,11,923250,64,Gen2
350,6,E280110020007384780C094C,4E201985B616000000000001,-47,11,913250,75,Gen2
351,3,E20065750548FF2E,61813,-56,11,923250,95,Gen2
352,1,E20034120134FC00061EE87218020131300D5FFBFFFFDC50,E20000164215009017706124,-51,11,923250,19,Gen2
353,4,E200680B00004006A1B340640000000000000000000000000000,E200680B0000000000000000,-58,11,923250,104,Gen2
354,3,E200680B00004006A19540E90000000000000000000000000000,E200680B0000000000000000,-51,11,923250,64,Gen2
355,2,E2003412013103000E8774BA1D19012D300D5FFBFFFFDC50,AA0004EF55555555AA018D3A,-53,11,923250,132,Gen2
356,3,E200680B00004006A192A0300000000000000000000000000000,E200680B0000000000000000,-54,11,923250,165,Gen2
357,3,E2003412013103000E8774BA1D19012E300D5FFBFFFFDC50,AA0004EF55555555AA018D3A,-57,11,923250,42,Gen2
358,3,E200680B00004006A1B368FF0000000000000000000000000000,E200680B0000000000000000,-52,11,923250,22,Gen2
359,4,E20034120132FB00051F64C32A14012F70055FFBFFFFDC50,0016050005160119254014C3,-48,11,923250,45,Gen2
360,2,E200680B00004006A061F4E10000000000000000000000000000,E200680B0000000000000000,-53,11,923250,87,Gen2
361,1,E20034120132FB00051F64C32A14012F30055FFBFFFFDC50,0016050005160119254014C3,-51,11,923250,14,Gen2
362,7,E280110520007785765A0A6B000000000000000000000000,FFFF1FE9,-30,11,913250,81,Gen2
363,1,E20034120136FB0002BC9B841919013230055FFBFFFFDC50,0074F3000000000000000000,-57,11,913250,19,Gen2
364,1,E20034120136FB0002BC9B841919013130055FFBFFFFDC50,0074F3000000000000000000,-57,11,913250,104,Gen2
365,2,E200680B000040069F22F4790000000000000000000000000000,E200680B0000000000000000,-50,11,923250,157,Gen2
366,4,E28011052000779D76220A6B000000000000000000000000,FFFF4A1C,-53,11,923250,132,Gen2
367,3,E2003412016FC3FFEEBAC7CE1E0F0164300D5FFBFFFFDC00,E200001D641901962140AA97,-52,11,923250,171,Gen2
368,1,E2003412016FC3FFEEBAC7CE1E0F0163300D5FFBFFFFDC00,E200001D641901962140AA97,-58,11,923250,42,Gen2
369,1,E20034120164C3FFEEBA6071050A015B300D5FFBFFFFDC00,E200001D641900981580433A,-56,11,923250,70,Gen2
370,1,E20034120164C3FFEEBA6071050A015A100D5FFBFFFFDC00,E200001D641900981580433A,-59,11,923250,118,Gen2
371,2,E20034120164C3FFEEBA6071050A015A300D5FFBFFFFDC00,E200001D641900981580433A,-55,11,923250,14,Gen2
372,3,E200680B00004006A1B17D0B0000000000000000000000000000,E200680B0000000000000000,-55,11,923250,47,Gen2
373,3,E200680B00004006A1B198270000000000000000000000000000,E200680B0000000000000000,-59,11,923250,87,Gen2
374,3,E200680B00004006A061B4620000000000000000000000000000,E200680B0000000000000000,-55,11,923250,157,Gen2
375,2,E2003412013601000630CFBE16150133300D5FFBFFFFDC70,E200001B850B02332060D180,-51,11,923250,11,Gen2
376,1,E200680B000040069F2230430000000000000000000000000000,E200680B0000000000000000,-61,11,923250,151,Gen2
377,2,E20034120132FB000C3B1C09090E0133300D5FFBFFFFDC60,E200001700341500255013CD,-51,11,923250,112,Gen2
378,3,E200680B00004006A1B1CC7B0000000000000000000000000000,E200680B0000000000000000,-56,11,923250,146,Gen2
379,2,E2003412012CFB00051F554B181D012930055FFBFFFFDC50,E2005186051601612780054B,-57,11,923250,115,Gen2
380,1,E20034120135FC000D13DF1102040132300D5FFBFFFFDC60,E2000019080A009224801BF2,-51,11,923250,42,Gen2
381,1,E20034120135FC000D13DF1102040133700D5FFBFFFFDC60,E2000019080A009224801BF2,-50,11,923250,92,Gen2
382,3,E200680B00004006B9F358A00000000000000000000000000000,E200680B0000000000000000,-50,11,923250,70,Gen2
383,2,E200657505486C33,10449,-61,11,923250,165,Gen2
384,2,E200680B00004006A03130520000000000000000000000000000,E200680B0000000000000000,-60,11,923250,53,Gen2
385,3,E20065750548B3C3,43316,-58,11,923250,143,Gen2
386,1,E2003412016FC2FFEEFEDB0D04030166300D5FFBFFFFDC00,5056450000000000000001C8,-61,11,923250,22,Gen2
387,24,E20065750548B4EC,43644,-59,11,926250,45,Gen2
388,3,E200680B00004006A1B354090000000000000000000000000000,E200680B0000000000000000,-52,11,923250,109,Gen2
389,4,E20065750549434C,69441,-56,11,923250,171,Gen2
390,4,E200680B000040069F34851E0000000000000000000000000000,E200680B0000000000000000,-50,11,923250,33,Gen2
391,3,E200680B00004006A1A2C9330000000000000000000000000000,E200680B0000000000000000,-56,11,923250,64,Gen2
392,4,E200680B00004006B9F2B8700000000000000000000000000000,E200680B0000000000000000,-46,11,923250,146,Gen2
393,2,E200600316D92026,52831,-55,11,923250,104,Gen2
394,1,E2003412016FC3FFEEBA4D1204140164300D5FFBFFFFDC00,E200001D6419007712602FDB,-57,11,923250,135,Gen2
395,1,E2003412016FC3FFEEBA4D1204140165300D5FFBFFFFDC00,E200001D6419007712602FDB,-60,11,923250,109,Gen2
396,4,E200680B000040069F24F08C0000000000000000000000000000,E200680B0000000000000000,-51,11,923250,16,Gen2
397,4,E200680B000040069F25C4E50000000000000000000000000000,E200680B0000000000000000,-55,11,923250,28,Gen2
398,2,E200600316D925CE,16706,-53,11,923250,14,Gen2
399,1,E2003412012FFF000C4F1A380F16012E300D5FFBFFFFDC40,E20000203910017216809157,-58,11,923250,112,Gen2
400,2,E2003412012FFF000C4F1A380F16012D300D5FFBFFFFDC40,E20000203910017216809157,-55,11,923250,174,Gen2
401,1,E200680B00004006A195503A0000000000000000000000000000,E200680B0000000000000000,-57,11,913250,22,Gen2
402,2,E2003412013CFC000D13CA991E1A0139700D5FFBFFFFDC50,E2000019080A01452760077A,-49,11,923250,135,Gen2
403,1,E2003412013CFC000D13CA991E1A0138700D5FFBFFFFDC50,E2000019080A01452760077A,-50,11,923250,132,Gen2
404,3,E280110020007384A7B609A4,800720000000000000009025,-61,11,923250,11,Gen2
405,1,E20034120138010006D5F5060C170135300D5FFBFFFFDC60,E200001B830B004910301464,-61,11,923250,42,Gen2
406,3,E200600316D94DD5,45066,-57,11,923250,56,Gen2
407,3,E200680B00004006A1B184620000000000000000000000000000,E200680B0000000000000000,-54,11,923250,5,Gen2
408,2,E200680B00004006B9F2283A0000000000000000000000000000,E200680B0000000000000000,-51,11,923250,25,Gen2
409,1,E200680B00004006B9F144470000000000000000000000000000,E200680B0000000000000000,-47,11,923250,109,Gen2
410,3,E200680B00004006A1B3F8CB0000000000000000000000000000,E200680B0000000000000000,-58,11,923250,36,Gen2
411,3,E200680B00004006A1B324E60000000000000000000000000000,E200680B0000000000000000,-45,11,923250,70,Gen2
412,2,E200680B00004006A0C160AB0000000000000000000000000000,E200680B0000000000000000,-55,11,923250,45,Gen2
413,4,E20065750548FF00,73086,-59,11,905250,109,Gen2
414,3,E200680B00004006A1B1E44C0000000000000000000000000000,E200680B0000000000000000,-56,11,923250,5,Gen2
415,5,E2801105200070D476510A6B000000000000000000000000,FFFF1131,-50,11,923250,64,Gen2
416,5,E200680B00004006A1B1C4B50000000000000000000000000000,E200680B0000000000000000,-51,11,923250,123,Gen2
417,3,E200680B00004006A1B32D2C0000000000000000000000000000,E200680B0000000000000000,-55,11,923250,171,Gen2
418,3,E200680B00004006B9F2F44C0000000000000000000000000000,E200680B0000000000000000,-49,11,923250,42,Gen2
419,1,E20034120131FD000D2167B61C06012C700D5FFBFFFFDC50,8A4B0001555555558A4B08B0,-48,11,923250,33,Gen2
420,5,E200680B00004006A1B351070000000000000000000000000000,E200680B0000000000000000,-49,11,923250,132,Gen2
421,1,E20034120131FD000D2167B61C06012D700D5FFBFFFFDC50,8A4B0001555555558A4B08B0,-48,11,923250,135,Gen2
422,1,E20034120131FD000D2167B61C06012E300D5FFBFFFFDC50,8A4B0001555555558A4B08B0,-53,11,923250,33,Gen2
423,4,E200600316D98198,23282,-54,11,923250,160,Gen2
424,4,E280689020000001F1D47B90,30396062C39973400013FAA5,-59,11,923250,154,Gen2
425,2,E200680B00004006B9F25CDE0000000000000000000000000000,E200680B0000000000000000,-49,11,923250,84,Gen2
426,2,E20034120138010005958F3612130134100D5FFBFFFFDC50,AA0004EF55555555AA017458,-55,11,913250,168,Gen2
427,3,E20034120138010005958F3612130134300D5FFBFFFFDC50,AA0004EF55555555AA017458,-51,11,923250,120,Gen2
428,1,E20034120138010005958F361213013C300D5FFBFFFFDC50,AA0004EF55555555AA017458,-50,11,923250,165,Gen2
429,1,E20034120138010005958F3612130138700D5FFBFFFFDC50,AA0004EF55555555AA017458,-50,11,923250,126,Gen2
430,2,E200680B00004006A191307E0000000000000000000000000000,E200680B0000000000000000,-55,11,913250,73,Gen2
431,2,E20034120159C3FFEE00A5AD1A040151300D5FFBFFFFDC00,50564500000000000000037F,-61,11,923250,25,Gen2
432,1,E20034120159C3FFEE00A5AD1A040152100D5FFBFFFFDC00,50564500000000000000037F,-60,11,923250,16,Gen2
433,15,E200657505495EF4,59681,-54,11,905250,5,Gen2
434,2,E200680B00004006A1B184F40000000000000000000000000000,E200680B0000000000000000,-47,11,923250,70,Gen2
435,3,E20065750548908E,48535,-58,11,923250,14,Gen2
436,3,E200600316D92A8C,20917,-53,11,923250,163,Gen2
437,2,E2003412413B0200032AF65319010137300D5FFBFFFFDC60,E2000019830602132090C242,-55,11,923250,47,Gen2
438,1,E200680B00004006A1B34CEE0000000000000000000000000000,E200680B0000000000000000,-59,11,923250,132,Gen2
439,3,E2801170200015B161B209A5,800720000000000000020850,-61,11,923250,157,Gen2
440,3,E200680B00004006A1B239010000000000000000000000000000,E200680B0000000000000000,-51,11,923250,64,Gen2
441,3,E200680B00004006A195988D0000000000000000000000000000,E200680B0000000000000000,-52,11,923250,81,Gen2
442,4,E200680B00004006A1B3BC6F0000000000000000000000000000,E200680B0000000000000000,-55,11,923250,137,Gen2
443,3,E200680A00004007928528C30000000000000000000000000000,E200680A0000000000000000,-54,11,923250,123,Gen2
444,3,E200680B00004006A033510F0000000000000000000000000000,E200680B0000000000000000,-51,11,923250,75,Gen2
445,3,E20034120132200000305A270C150130300D5FFBFFFFDC60,E2000020830302331030CFE8,-54,11,923250,59,Gen2
446,2,E200680B00004006A1B358E40000000000000000000000000000,E200680B0000000000000000,-53,11,923250,28,Gen2
447,1,E20034120131020001BDB7230D0A0130100D5FFBFFFFDC40,8A4B0834555555558A4B0FC9,-61,11,923250,73,Gen2
448,1,E20034120131020001BDB7230D0A0130300D5FFBFFFFDC40,8A4B0834555555558A4B0FC9,-57,11,923250,30,Gen2
449,2,E200680B000040069F22E0210000000000000000000000000000,E200680B0000000000000000,-61,11,923250,132,Gen2
450,3,E20034120134C2FFEE07F719151D013030055FFBFFFFDC50,7475,-51,11,923250,126,Gen2
451,2,E280116020007386F0480A14,30F269FBFE8009008CA00007,-50,11,913250,84,Gen2
452,1,E2003412012C03000E880CC91114012A100D5FFBFFFFDC50,AA0004EF55555555AA01910E,-56,11,923250,45,Gen2
453,2,E2003412012C03000E880CC91114012A300D5FFBFFFFDC50,AA0004EF55555555AA01910E,-49,11,913250,70,Gen2
454,1,E20034120131FF000C4E915303010132300D5FFBFFFFDC60,E20000203910002718700872,-58,11,913250,61,Gen2
455,1,E200341201311B000287A4020C0D012E000D5FFBFFFFDC60,4E20190A0000000000002147,-61,11,923250,84,Gen2
456,2,E200680B00004006A1B448590000000000000000000000000000,E200680B0000000000000000,-48,11,923250,33,Gen2
457,1,E2003412012603000E8A5E101D17011E000D5FFBFFFFDC60,C40004EF55555555AA01CA29,-61,11,923250,5,Gen2
458,3,E28011052000769A76520A6B000000000000000000000000,FFFF18B8,-37,11,923250,42,Gen2
459,2,E200680B00004006A061385C0000000000000000000000000000,E200680B0000000000000000,-55,11,923250,135,Gen2
460,2,E280110520007B13764A0A6B000000000000000000000000,FFFF0696,-47,11,923250,25,Gen2
461,4,E20065750549869B,67334,-58,11,923250,140,Gen2
462,1,E20034120167C3FFEEBA71230D1E015A300D5FFBFFFFDC00,E200001D64190118166053EC,-59,11,923250,104,Gen2
463,1,E200680B00004006A1B1A0D90000000000000000000000000000,E200680B0000000000000000,-59,11,923250,95,Gen2
464,3,E200680B00004006A1A178A50000000000000000000000000000,E200680B0000000000000000,-51,11,923250,112,Gen2
465,1,E200680B00004006B9F2F4450000000000000000000000000000,E200680B0000000000000000,-60,11,923250,123,Gen2
466,3,E200680B000040069F2570F20000000000000000000000000000,E200680B0000000000000000,-55,11,923250,112,Gen2
467,3,E200680B00004006A1B3A46C0000000000000000000000000000,E200680B0000000000000000,-47,11,923250,171,Gen2
468,3,E200680B00004006A1B2A4790000000000000000000000000000,E200680B0000000000000000,-56,11,923250,95,Gen2
469,1,E2003412017AC3FFEEBAF2F7101B0170100D5FFBFFFFDC00,E200001D641902392310D5C0,-58,11,923250,30,Gen2
470,1,E2003412012803000D084D2C1F0D0124300D5FFBFFFFDC60,AA0004EF55555555AA00A18D,-48,11,923250,115,Gen2
471,1,E2003412012803000D084D2C1F0D0125300D5FFBFFFFDC60,AA0004EF55555555AA00A18D,-49,11,923250,30,Gen2
472,1,E2003412017AC3FFEEBAF2F7101B016F300D5FFBFFFFDC00,E200001D641902392310D5C0,-52,11,923250,165,Gen2
473,3,E200657505497AE8,81792,-55,11,923250,2,Gen2
474,3,E200680B00004006A1B3186A0000000000000000000000000000,E200680B0000000000000000,-59,11,923250,0,Gen2
475,3,E200680B000040069F2628610000000000000000000000000000,E200680B0000000000000000,-52,11,923250,28,Gen2
476,2,E200680B00004006A0465CB50000000000000000000000000000,E200680B0000000000000000,-55,11,923250,154,Gen2
477,3,E2801170200010C9BB3009C4,800720000000000000021671,-61,11,913250,42,Gen2
478,3,E2003412013EFF000C4EC7B11807013A300D5FFBFFFFDC50,E20000203910009517703ED0,-57,11,913250,106,Gen2
479,1,E200680B00004006A1B348340000000000000000000000000000,E200680B0000000000000000,-60,11,913250,67,Gen2
480,4,E20065750548EF31,78190,-57,11,923250,56,Gen2
481,1,E200600316D916BA,20620,-59,11,923250,33,Gen2
482,4,E200657505487810,48617,-57,11,923250,47,Gen2
483,4,E200341201372000002FD8200A120134300D5FFBFFFFDC60,E20000208303010613204DE1,-52,11,923250,75,Gen2
484,1,E200680B00004006B9F2E83C0000000000000000000000000000,E200680B0000000000000000,-61,11,923250,132,Gen2
485,2,E200657505489E72,48772,-55,11,923250,16,Gen2
486,1,E2003412011A1C00014BC3241519011C300D5FFBFFFFDC70,000000000000000000C31193,-58,11,923250,39,Gen2
487,1,E2003412011A1C00014BC3241519011B300D5FFBFFFFDC70,000000000000000000C31193,-58,11,923250,75,Gen2
488,5,E200341201381E0001CCCC7210030135300D5FFBFFFFDC50,0E10CE000000000000000000,-48,11,905250,64,Gen2
489,1,E200341201381E0001CCCC7210030134300D5FFBFFFFDC50,0E10CE000000000000000000,-51,11,923250,70,Gen2
490,3,E200341201381E0001CCCC7210030136300D5FFBFFFFDC50,0E10CE000000000000000000,-48,11,913250,75,Gen2
491,2,E200657505497544,64577,-59,11,913250,165,Gen2
492,1,E200341201381E0001CCCC7210030136700D5FFBFFFFDC50,0E10CE000000000000000000,-44,11,913250,39,Gen2
493,2,E280110020007702CDB908D5,4E201904CF99000000000001,-51,11,923250,25,Gen2
494,1,E2003412013B2000002FEA2712090137300D5FFBFFFFDC60,E20000208303012807805FE8,-58,11,923250,84,Gen2
495,2,E2003412013B2000002FEA2712090136300D5FFBFFFFDC60,E20000208303012807805FE8,-56,11,923250,25,Gen2
496,2,E200600316D9706D,51719,-58,11,923250,165,Gen2
497,3,E20065750548A34D,31275,-60,11,923250,81,Gen2
498,3,E200657505498C8F,84318,-59,11,923250,75,Gen2
499,1,E200680B00004006A032692A0000000000000000000000000000,E200680B0000000000000000,-50,11,923250,19,Gen2
500,1,E20034120175C3FFEEBAADE01D120169100D5FFBFFFFDC00,E200001D64190168213090A9,-59,11,923250,151,Gen2
501,2,E2003412013EC2FFEE3B1798250A013930055FFBFFFFDC60,061115000000000000006013,-58,11,923250,101,Gen2
502,1,E2003412013EC2FFEE3B1798250A013A30055FFBFFFFDC60,061115000000000000006013,-58,11,923250,163,Gen2
503,3,E200680B00004006B9F26C9D0000000000000000000000000000,E200680B0000000000000000,-52,11,923250,5,Gen2
504,1,E200680B00004006A194D0850000000000000000000000000000,E200680B0000000000000000,-60,11,923250,8,Gen2
505,1,E2003412013003000D859C33180B012D000D5FFBFFFFDC60,0016D10033180016D1004AB5,-61,11,923250,47,Gen2
506,1,E2003412013003000D859C33180B012E100D5FFBFFFFDC60,0016D10033180016D1004AB5,-57,11,923250,73,Gen2
507,3,E200680B00004006B9F2A4FE0000000000000000000000000000,E200680B0000000000000000,-50,11,923250,112,Gen2
508,3,E200680B00004006B9F358D80000000000000000000000000000,E200680B0000000000000000,-51,11,923250,61,Gen2
509,3,E200657505498B4B,66887,-56,11,923250,42,Gen2
510,1,E20034120132FC000D1CBD0A17140130100D5FFBFFFFDC50,E2000019081000770520E263,-59,11,923250,22,Gen2
511,1,E20034120132FC000D1CBD0A1714012F300D5FFBFFFFDC50,E2000019081000770520E263,-55,11,923250,84,Gen2
512,3,E2003412013AFC000D1CBF70131F0137300D5FFBFFFFDC60,E2000019081001500480E4C9,-57,11,923250,56,Gen2
513,2,E200680B00004006A1B3F40F0000000000000000000000000000,E200680B0000000000000000,-55,11,923250,160,Gen2
514,3,E200680B00004006A1B2A91B0000000000000000000000000000,E200680B0000000000000000,-53,11,923250,120,Gen2
515,2,E200600316D9A33A,30095,-55,11,923250,5,Gen2
516,2,E200680B00004006B9F054A60000000000000000000000000000,E200680B0000000000000000,-51,11,923250,135,Gen2
517,1,E20034120136FF000C4EA97A0E1F0134300D5FFBFFFFDC60,E20000203910005716702099,-59,11,923250,135,Gen2
518,1,E2003412012DC1FFEEFA2D680D06012930055FFBFFFFDC50,5478,-53,11,923250,22,Gen2
519,2,E2003412012DC1FFEEFA2D680D06012A30055FFBFFFFDC50,5478,-52,11,923250,14,Gen2
520,2,E200657505494800,86892,-58,11,923250,90,Gen2
521,3,E200680B00004006A19138870000000000000000000000000000,E200680B0000000000000000,-55,11,923250,115,Gen2
522,4,E200680B00004006B9F2DCBB0000000000000000000000000000,E200680B0000000000000000,-56,11,923250,70,Gen2
523,6,E200680B00004006A1B218980000000000000000000000000000,E200680B0000000000000000,-55,11,923250,146,Gen2
524,4,E200680B00004006A0614CD50000000000000000000000000000,E200680B0000000000000000,-51,11,923250,115,Gen2
525,1,E2003412013A03000EECAD80190F0138300D5FFBFFFFDC50,E200001D89010103054047CF,-58,11,923250,101,Gen2
526,3,E2003412013A03000EECAD80190F0137300D5FFBFFFFDC50,E200001D89010103054047CF,-52,11,923250,92,Gen2
527,3,E200680B00004006A1B1BCB60000000000000000000000000000,E200680B0000000000000000,-51,11,923250,30,Gen2
528,5,E28011002000758A7800094C,4E2019862238800000000001,-51,11,923250,160,Gen2
529,2,E200600316D928CC,53643,-57,11,923250,56,Gen2
530,4,E200680B00004006A1B3D85D0000000000000000000000000000,E200680B0000000000000000,-53,11,923250,2,Gen2
531,3,E2003412013FFC000D13E962151E013A300D5FFBFFFFDC50,E2000019080A011823602643,-57,11,923250,2,Gen2
532,2,E200600316D9A695,30027,-55,11,923250,95,Gen2
533,15,E200680B000040069F26308B0000000000000000000000000000,E200680B0000000000000000,-58,11,912750,16,Gen2
534,2,E20034120131C1FFEEDF3F732611012E30055FFBFFFFDC50,DDEF36441633D66A11000D64,-55,11,923250,146,Gen2
535,1,E20034120131C1FFEEDF3F732611012F30055FFBFFFFDC50,DDEF36441633D66A11000D64,-56,11,923250,109,Gen2
536,4,E200680B00004006A1B430910000000000000000000000000000,E200680B0000000000000000,-50,11,923250,143,Gen2
537,4,E200680B00004006A06070DF0000000000000000000000000000,E200680B0000000000000000,-51,11,923250,137,Gen2
538,3,E200680B000040069F25D0E30000000000000000000000000000,E200680B0000000000000000,-52,11,923250,61,Gen2
539,4,E280117020000280606009A5,800720000000000000029085,-57,11,923250,171,Gen2
540,4,E200680B00004006B9F35D2F0000000000000000000000000000,E200680B0000000000000000,-56,11,913250,120,Gen2
541,3,E200680B00004006A060AC860000000000000000000000000000,E200680B0000000000000000,-58,11,923250,115,Gen2
542,4,E200680B000040069F25BC880000000000000000000000000000,E200680B0000000000000000,-51,11,923250,132,Gen2
543,3,E200680B00004006A19558B90000000000000000000000000000,E200680B0000000000000000,-52,11,923250,42,Gen2
544,2,E200600316D97B0A,34906,-58,11,923250,123,Gen2
545,1,E20034120154C3FFEEBADD28101C014C300D5FFBFFFFDC00,E200001D641902091690BFF1,-59,11,923250,67,Gen2
546,3,E2003412012DFC000D1CC5280B14012B700D5FFBFFFFDC60,E2000019081001390400EA81,-51,11,923250,84,Gen2
547,1,E2003412012DFC000D1CC5280B14012A300D5FFBFFFFDC60,E2000019081001390400EA81,-50,11,923250,2,Gen2
548,4,E200600316D916B6,53727,-54,11,913250,33,Gen2
549,2,E200600316DB7D34,29858,-60,11,923250,70,Gen2
550,3,E200680B00004006A1B2B0750000000000000000000000000000,E200680B0000000000000000,-54,11,923250,50,Gen2
551,2,E2003412012E2000002FE134051A012B300D5FFBFFFFDC50,E200002083030114096056F5,-52,11,923250,174,Gen2
552,1,E2003412012E2000002FE134051A012A300D5FFBFFFFDC50,E200002083030114096056F5,-55,11,923250,33,Gen2
553,3,E200680B00004006A1B1F11E0000000000000000000000000000,E200680B0000000000000000,-52,11,923250,154,Gen2
554,3,E2003412013B03000EEC9CA7071B013D700D5FFBFFFFDC50,E200001D89010084036036F6,-51,11,923250,120,Gen2
555,1,E2003412013B03000EEC9CA7071B013C700D5FFBFFFFDC50,E200001D89010084036036F6,-51,11,923250,75,Gen2
556,3,E28011002000704AE8C509A9,4E20198866DFC00000000001,-57,11,923250,70,Gen2
557,3,E200680B000040069F3504FE0000000000000000000000000000,E200680B0000000000000000,-52,11,923250,123,Gen2
558,3,E200657505489263,48170,-55,11,923250,109,Gen2
559,1,E200680B00004006A1B3F1070000000000000000000000000000,E200680B0000000000000000,-55,11,923250,135,Gen2
560,3,E280110520007983764C0A6B000000000000000000000000,FFFF5179,-40,11,923250,14,Gen2
561,1,E2003412012C02000A534C42130A012A300D4AFBFFFFDC50,4E20190A02BE000000000001,-51,11,923250,56,Gen2
562,5,E200680B00004006A0321CC00000000000000000000000000000,E200680B0000000000000000,-51,11,923250,73,Gen2
563,1,E2003412012C02000A534C42130A0129300D4AFBFFFFDC50,4E20190A02BE000000000001,-49,11,923250,42,Gen2
564,1,E2003412012C02000A534C42130A0128700D4AFBFFFFDC50,4E20190A02BE000000000001,-47,11,923250,174,Gen2
565,1,E2003412012C02000A534C42130A0128300D4AFBFFFFDC50,4E20190A02BE000000000001,-47,11,923250,171,Gen2
566,2,E200680B00004006B9F30C3A0000000000000000000000000000,E200680B0000000000000000,-48,11,923250,42,Gen2
567,3,E200680B000040069F324D1B0000000000000000000000000000,E200680B0000000000000000,-56,11,923250,25,Gen2
568,3,E200680B00004006B9F260640000000000000000000000000000,E200680B0000000000000000,-59,11,923250,0,Gen2
569,2,E200680B00004006A1B1F44B0000000000000000000000000000,E200680B0000000000000000,-60,11,923250,45,Gen2
570,3,E200657505496868,81302,-56,11,923250,56,Gen2
571,3,E200657505484D1B,10412,-58,11,923250,73,Gen2
572,3,E200680B00004006B9F0C8D80000000000000000000000000000,E200680B0000000000000000,-51,11,923250,171,Gen2
573,3,E2801170200011CEBB2709C4,800720000000000000021402,-61,11,923250,28,Gen2
574,3,E200680B000040069F262C7B0000000000000000000000000000,E200680B0000000000000000,-49,11,923250,106,Gen2
575,2,E200680B000040069F3524570000000000000000000000000000,E200680B0000000000000000,-52,11,923250,165,Gen2
576,1,E20034120167C3FFEEBAC9451C0D015B300D5FFBFFFFDC00,E200001D641901941190AC0E,-55,11,923250,2,Gen2
577,1,E20034120167C3FFEEBAC9451C0D0159300D5FFBFFFFDC00,E200001D641901941190AC0E,-55,11,923250,25,Gen2
578,1,E20034120167C3FFEEBAC9451C0D015C300D5FFBFFFFDC00,E200001D641901941190AC0E,-55,11,923250,22,Gen2
579,2,E200680B000040069F25AC7F0000000000000000000000000000,E200680B0000000000000000,-54,11,923250,177,Gen2
580,1,E28011002000788C217909ED,800720000000000000018281,-61,11,923250,163,Gen2
581,4,E200680B000040069F221C850000000000000000000000000000,E200680B0000000000000000,-58,11,923250,19,Gen2
582,3,E200680B00004006A061F8300000000000000000000000000000,E200680B0000000000000000,-55,11,923250,53,Gen2
583,3,E200680B00004006A1B3E4F20000000000000000000000000000,E200680B0000000000000000,-51,11,923250,112,Gen2
584,3,E200657505496779,81308,-56,11,923250,42,Gen2
585,3,E20065750549C3D0,57966,-56,11,923250,30,Gen2
586,3,E200680B000040069F2500460000000000000000000000000000,E200680B0000000000000000,-57,11,923250,42,Gen2
587,2,E200680B000040069F25305A0000000000000000000000000000,E200680B0000000000000000,-56,11,923250,11,Gen2
588,4,E20065750548B008,43446,-55,11,923250,75,Gen2
589,2,E2003412013001000C4891780A05012C700D5FFBFFFFDC50,E200001D170702481320DB94,-51,11,923250,70,Gen2
590,3,E200680B00004006A032488B0000000000000000000000000000,E200680B0000000000000000,-56,11,923250,160,Gen2
591,7,E28011002000710C059808C6,4E201904CC29800000000001,-44,11,905250,109,Gen2
592,1,E20034120172C2FFEE92293E1105016910055FFBFFFFDC70,05091420160000000000188D,-61,11,905250,56,Gen2
593,1,E20034120172C2FFEE92293E1105016830055FFBFFFFDC70,05091420160000000000188D,-59,11,905250,174,Gen2
594,3,E200680B00004006B9F0A0CF0000000000000000000000000000,E200680B0000000000000000,-53,11,923250,154,Gen2
595,3,E20065750549BFD9,58246,-58,11,923250,106,Gen2
596,3,E200680B00004006B9F2EC390000000000000000000000000000,E200680B0000000000000000,-58,11,923250,30,Gen2
597,1,E2003412013301000AC70A1A1B19012F000D5FFBFFFFDC50,E200001D25070206004FD800,-57,11,923250,70,Gen2
598,3,E200680B00004006A0C178560000000000000000000000000000,E200680B0000000000000000,-50,11,923250,132,Gen2
599,2,E2003412012AC1FFEEDF55451003012810055FFBFFFFDC60,092220140000000000007080,-60,11,923250,33,Gen2
600,2,E2003412012AC1FFEEDF55451003012830055FFBFFFFDC60,092220140000000000007080,-57,11,923250,115,Gen2
601,3,E200680B00004006B9F2E45D0000000000000000000000000000,E200680B0000000000000000,-52,11,923250,106,Gen2
602,9,E2801105200070CE761D0A6B000000000000000000000000,FFFF4276,-35,11,913250,61,Gen2
603,2,E20065750549A41B,71564,-57,11,913250,112,Gen2
604,1,E2003412012DC1FFEEFEB240100D012710055FFBFFFFDC50,1671,-58,11,923250,14,Gen2
605,2,E2003412012DC1FFEEFEB240100D012830055FFBFFFFDC50,1671,-55,11,923250,42,Gen2
606,1,E200680B00004006A1B318D80000000000000000000000000000,E200680B0000000000000000,-55,11,923250,25,Gen2
607,1,E2003412012FFD00072073E418040130700D5FFBFFFFDC60,E2000016710C0034B200E0D2,-47,11,923250,135,Gen2
608,1,E2003412016F1D0005BA002E040D016C300D5FFBFFFFDC00,E200001932030039003A2700,-52,11,923250,33,Gen2
609,1,E2003412016F1D0005BA002E040D016A300D5FFBFFFFDC00,E200001932030039003A2700,-49,11,923250,160,Gen2
610,2,E2006575054976B8,86401,-61,11,923250,95,Gen2
611,3,E2006575054925E7,74611,-55,11,923250,70,Gen2
612,1,E200680B000040069F255C620000000000000000000000000000,E200680B0000000000000000,-59,11,923250,98,Gen2
613,2,E200341201261B00017A30ED1D1C0123300D5FFBFFFFDC60,E200001D16080085213039F2,-53,11,923250,115,Gen2
614,4,E20065750548E9FF,68747,-55,11,923250,64,Gen2
615,1,E2003412013402000A5349CE160A0130700D4AFBFFFFDC60,4E20190A030A400000000001,-49,11,923250,87,Gen2
616,6,E2006575054993A5,66733,-54,11,923250,30,Gen2
617,1,E2003412013402000A5349CE160A012F700D4AFBFFFFDC60,4E20190A030A400000000001,-48,11,923250,39,Gen2
618,1,E2003412013402000A5349CE160A012F300D4AFBFFFFDC60,4E20190A030A400000000001,-51,11,923250,73,Gen2
619,1,E2003412013402000A5349CE160A0130300D4AFBFFFFDC60,4E20190A030A400000000001,-51,11,923250,95,Gen2
620,2,E200680B00004006A0605CB70000000000000000000000000000,E200680B0000000000000000,-56,11,923250,157,Gen2
621,2,E200680B00004006A1B310280000000000000000000000000000,E200680B0000000000000000,-58,11,923250,61,Gen2
622,3,E200680B00004006A19295260000000000000000000000000000,E200680B0000000000000000,-51,11,923250,33,Gen2
623,2,E200341201310500004E7865121B012E300D5FFBFFFFDC50,E200002023010177047095E8,-51,11,923250,73,Gen2
624,3,E20065750548BD49,48909,-60,11,923250,143,Gen2
625,3,E28011052000795576150A6B000000000000000000000000,FFFF40DE,-38,11,923250,154,Gen2
626,4,E200600316D97253,51560,-57,11,923250,14,Gen2
627,3,E20065750548FE10,73287,-58,11,923250,118,Gen2
628,4,E200600316D90F4C,28711,-55,11,923250,109,Gen2
629,2,E200680B00004006B9F1450F0000000000000000000000000000,E200680B0000000000000000,-54,11,923250,101,Gen2
630,3,E200657505492ACC,62812,-58,11,923250,25,Gen2
631,2,E200680B00004006B9F2D02D0000000000000000000000000000,E200680B0000000000000000,-56,11,923250,56,Gen2
632,2,E200680B00004006B9F1D4180000000000000000000000000000,E200680B0000000000000000,-55,11,923250,101,Gen2
633,1,E200600316D98D07,77637,-60,11,923250,132,Gen2
634,2,E200680B00004006B9F2A4780000000000000000000000000000,E200680B0000000000000000,-51,11,923250,42,Gen2
635,2,E200680B00004006A03128D30000000000000000000000000000,E200680B0000000000000000,-55,11,923250,14,Gen2
636,2,E20034120174FA0001E5379F0204016D30055FFBFFFFDC70,E20034120174FA0001E5379F,-55,11,923250,5,Gen2
637,3,E200680B00004006B9F0B4880000000000000000000000000000,E200680B0000000000000000,-48,11,923250,137,Gen2
638,2,E20034120164C2FFEE5DBF4014010162300D5FFBFFFFDC00,E200001D6415018204909BF4,-51,11,923250,168,Gen2
639,2,E2003412012F0500004DE6AA1917012C300D5FFBFFFFDC60,E2000020230100181160042D,-58,11,923250,5,Gen2
640,1,E20034120164C2FFEE5DBF4014010163300D5FFBFFFFDC00,E200001D6415018204909BF4,-51,11,923250,0,Gen2
641,7,E200680B00004006A06130E20000000000000000000000000000,E200680B0000000000000000,-48,11,913250,109,Gen2
642,2,E200680B00004006B9F2D05A0000000000000000000000000000,E200680B0000000000000000,-57,11,923250,64,Gen2
643,1,E2003412012F01000C48510A111E012B300D5FFBFFFFDC40,E200001D1707018020109B26,-53,11,923250,33,Gen2
644,1,E2003412012F01000C48510A111E012C300D5FFBFFFFDC40,E200001D1707018020109B26,-55,11,923250,101,Gen2
645,1,E2003412012F01000C48510A111E012B000D5FFBFFFFDC40,E200001D1707018020109B26,-59,11,923250,33,Gen2
646,3,E200680B000040069F26488D0000000000000000000000000000,E200680B0000000000000000,-52,11,923250,126,Gen2
647,3,E200600316D9988D,76274,-59,11,923250,2,Gen2
648,3,E200680B00004006A1B334490000000000000000000000000000,E200680B0000000000000000,-54,11,923250,123,Gen2
649,3,E200680B00004006A032C8460000000000000000000000000000,E200680B0000000000000000,-55,11,923250,14,Gen2
650,2,E200680B00004006A1B351230000000000000000000000000000,E200680B0000000000000000,-54,11,923250,123,Gen2
651,3,E200680B00004006A1B2F5320000000000000000000000000000,E200680B0000000000000000,-52,11,923250,56,Gen2
652,3,E200600316D97F99,19826,-59,11,923250,73,Gen2
653,2,E20065750549906C,86225,-61,11,923250,160,Gen2
654,2,E200680B00004006A1B2412B0000000000000000000000000000,E200680B0000000000000000,-51,11,923250,160,Gen2
655,4,E280110020007716781B094C,4E201905C792800000000001,-58,11,923250,25,Gen2
656,4,E200680B00004006B9F3592F0000000000000000000000000000,E200680B0000000000000000,-45,11,923250,146,Gen2
657,3,E200680B00004006A193A9110900000000000000000000000000,E200680B0000000000000000,-50,11,923250,19,Gen2
658,2,E2006575054898E3,56514,-58,11,923250,101,Gen2
659,2,E200341201361C00014C16EC1E1C0133700D5FFBFFFFDC60,E200001D7619011602805806,-51,11,923250,163,Gen2
660,1,E200341201361C00014C16EC1E1C0133300D5FFBFFFFDC60,E200001D7619011602805806,-54,11,923250,33,Gen2
661,1,E200341201361C00014C16EC1E1C0132300D5FFBFFFFDC60,E200001D7619011602805806,-53,11,923250,39,Gen2
662,3,E200680B00004006A1B1F8AD0000000000000000000000000000,E200680B0000000000000000,-50,11,923250,33,Gen2
663,3,E200680B00004006B9F2FCB80000000000000000000000000000,E200680B0000000000000000,-51,11,923250,174,Gen2
664,4,E200680B00004006A195445E0000000000000000000000000000,E200680B0000000000000000,-51,11,923250,33,Gen2
665,3,E200600316D94170,51035,-57,11,923250,126,Gen2
666,4,E200600316D92209,17081,-54,11,923250,95,Gen2
667,3,E200680B00004006A1B174910000000000000000000000000000,E200680B0000000000000000,-56,11,923250,53,Gen2
668,2,E200680B00004006B9F2E9060000000000000000000000000000,E200680B0000000000000000,-56,11,923250,61,Gen2
669,3,E28011002000571A8BE30170,4E201981DA5A000000000000,-56,11,923250,151,Gen2
670,4,E2006575054983CE,84793,-55,11,923250,53,Gen2
671,1,E200680B00004006B9F0CCFD0000000000000000000000000000,E200680B0000000000000000,-59,11,923250,19,Gen2
672,4,E20065750549C63C,84554,-59,11,923250,42,Gen2
673,3,E200341201300200032ABBBE0905012C300D5FFBFFFFDC50,E200001983060155255087AD,-51,11,923250,42,Gen2
674,4,E200680B00004006A1B35C490000000000000000000000000000,E200680B0000000000000000,-52,11,923250,98,Gen2
675,2,E200680B00004006A03218B80000000000000000000000000000,E200680B0000000000000000,-58,11,923250,101,Gen2
676,1,E200341201300200032AA1991112012E100D5FFBFFFFDC50,E20000198306013726306D88,-59,11,923250,84,Gen2
677,1,E200680B000040069F34548B0000000000000000000000000000,E200680B0000000000000000,-50,11,923250,33,Gen2
678,5,E2806894200040131FD145DE,B2311894000040131FD145DE,-44,11,923250,160,Gen2
679,5,E200680B00004006B9F210B20000000000000000000000000000,E200680B0000000000000000,-51,11,923250,151,Gen2
680,5,E200657505490D8B,73549,-57,11,923250,64,Gen2
681,3,E200680B000040069F22D41E0000000000000000000000000000,E200680B0000000000000000,-52,11,923250,135,Gen2
682,3,E20065750548EC9B,78925,-57,11,923250,112,Gen2
683,3,E200680B00004006A1B3B0DA0000000000000000000000000000,E200680B0000000000000000,-56,11,923250,39,Gen2
684,2,E20034120143C3FFEE9028240A0D014030055FFBFFFFDC40,E20083475901004613808677,-54,11,923250,47,Gen2
685,1,E20034120143C3FFEE9028240A0D013F30055FFBFFFFDC40,E20083475901004613808677,-52,11,923250,22,Gen2
686,3,E200680B00004006B9F1CC560000000000000000000000000000,E200680B0000000000000000,-49,11,923250,42,Gen2
687,5,E200680B00004006B9F2F4190000000000000000000000000000,E200680B0000000000000000,-56,11,923250,73,Gen2
688,5,E20065750548AB28,43420,-51,11,923250,14,Gen2
689,2,E2003412013B1B00017AD0E916010136300D5FFBFFFFDC50,E200001D160802442370D9EE,-54,11,923250,168,Gen2
690,1,E2003412013B1B00017AD0E916010134300D5FFBFFFFDC50,E200001D160802442370D9EE,-54,11,923250,47,Gen2
691,1,E2003412013B1B00017AD0E916010139300D5FFBFFFFDC50,E200001D160802442370D9EE,-54,11,923250,75,Gen2
692,3,E200680B00004006B9F354690000000000000000000000000000,E200680B0000000000000000,-58,11,923250,33,Gen2
693,3,E200680B00004006A1A151140000000000000000000000000000,E200680B0000000000000000,-47,11,923250,123,Gen2
694,3,E20034120131040000A43C010E07012E300D5FFBFFFFDC40,AA0004EF55555555AA048A31,-51,11,923250,174,Gen2
695,1,E20034120131040000A43C010E07012D300D5FFBFFFFDC40,AA0004EF55555555AA048A31,-51,11,923250,163,Gen2
696,3,E200680B00004006A062004B0000000000000000000000000000,E200680B0000000000000000,-58,11,923250,154,Gen2
697,2,E200680B00004006A1B344D80000000000000000000000000000,E200680B0000000000000000,-55,11,923250,104,Gen2
698,1,E200680B00004006B9F158CD0000000000000000000000000000,E200680B0000000000000000,-54,11,923250,14,Gen2
699,4,E200680B00004006A1B3F5020000000000000000000000000000,E200680B0000000000000000,-54,11,923250,132,Gen2
700,1,E200680B00004006A1B388250000000000000000000000000000,E200680B0000000000000000,-58,11,923250,39,Gen2
701,15,E28068942000400FAC831841,213041143109960002010000,-36,11,905250,132,Gen2
702,1,E20034120163C3FFEED0D07009160160000D5FFBFFFFDC00,E20000201916014116207283,-61,11,905250,67,Gen2
703,1,E2003412013501000B156C7C04160131000D5FFBFFFFDC60,000000000000000000C11E1F,-60,11,923250,157,Gen2
704,1,E2003412013501000B156C7C04160130000D5FFBFFFFDC60,000000000000000000C11E1F,-60,11,923250,92,Gen2
705,4,E200680B00004006A0C188B60000000000000000000000000000,E200680B0000000000000000,-53,11,923250,5,Gen2
706,31,E200600316D957F6,45701,-52,11,921250,73,Gen2
707,1,E200341201491D000208D37713070146300D5FFBFFFFDC00,E20000169401025023402605,-61,11,905250,171,Gen2
708,3,E200341201491D000208D37713070146100D5FFBFFFFDC00,E20000169401025023402605,-61,11,912750,53,Gen2
709,1,E2003412012FC1FFEEDFA0FC2209012D10055FFBFFFFDC50,092220140000000000004166,-58,11,923250,81,Gen2
710,1,E20034120170C3FFEEBAB1110C150169100D5FFBFFFFDC00,E200001D64190171289093DA,-61,11,923250,84,Gen2
711,1,E20034120146C3FFEE9023E30E1B014310055FFBFFFFDC40,E20083475901006014208236,-59,11,923250,135,Gen2
712,4,E200680B00004006A1B1C0C20000000000000000000000000000,E200680B0000000000000000,-45,11,923250,95,Gen2
713,2,E20034120161C3FFEEBA8FDA01160158300D5FFBFFFFDC00,E200001D64190141154072A3,-56,11,923250,70,Gen2
714,2,E2801160200075710CC2096C,3.14E+15,-57,11,923250,59,Gen2
715,1,E20034120161C3FFEEBA8FDA01160157300D5FFBFFFFDC00,E200001D64190141154072A3,-56,11,923250,25,Gen2
716,3,E200680B00004006A1B328830000000000000000000000000000,E200680B0000000000000000,-59,11,923250,61,Gen2
717,5,E200600316D9A90C,13449,-55,11,923250,123,Gen2
718,2,E200680B00004006A1B3C87F0000000000000000000000000000,E200680B0000000000000000,-57,11,923250,73,Gen2
719,2,E200680B00004006A030B8E70000000000000000000000000000,E200680B0000000000000000,-52,11,923250,14,Gen2
720,3,E200680B000040069F23148F0000000000000000000000000000,E200680B0000000000000000,-59,11,923250,129,Gen2
721,1,E2003412012E01000C47FFF81111012B300D5FFBFFFFDC50,E200001D1707010520104A14,-58,11,923250,163,Gen2
722,1,E2003412012E01000C47FFF811110127100D5FFBFFFFDC50,E200001D1707010520104A14,-60,11,923250,53,Gen2
723,4,E200680B000040069F2618750000000000000000000000000000,E200680B0000000000000000,-48,11,923250,143,Gen2
724,4,E200680B00004006A0C1643D0000000000000000000000000000,E200680B0000000000000000,-51,11,923250,73,Gen2
725,1,E2003412012F02000A534B56100A012C700D4AFBFFFFDC50,4E20190A02DA800000000001,-47,11,923250,19,Gen2
726,5,E200600316D91E1D,17090,-53,11,923250,2,Gen2
727,1,E2003412012F02000A534B56100A012B700D4AFBFFFFDC50,4E20190A02DA800000000001,-46,11,923250,112,Gen2
728,1,E2003412012F02000A534B56100A012A700D4AFBFFFFDC50,4E20190A02DA800000000001,-46,11,923250,33,Gen2
729,1,E2003412012F02000A534B56100A0129700D4AFBFFFFDC50,4E20190A02DA800000000001,-47,11,923250,11,Gen2
730,1,E2003412012F02000A534B56100A012A300D4AFBFFFFDC50,4E20190A02DA800000000001,-47,11,923250,106,Gen2
731,1,E200680B00004006A1B22C760000000000000000000000000000,E200680B0000000000000000,-60,11,923250,137,Gen2
732,1,E20034120165C3FFEE985D8B1B12016210055FFBFFFFDC40,E2008347590902491130A456,-59,11,923250,64,Gen2
733,2,E28011052000739576420A6B000000000000000000000000,FFFF025F,-36,11,923250,140,Gen2
734,1,E20034120165C3FFEE985D8B1B12016130055FFBFFFFDC40,E2008347590902491130A456,-58,11,923250,2,Gen2
735,2,E200680B000040069F23C80E0000000000000000000000000000,E200680B0000000000000000,-55,11,923250,19,Gen2
736,1,E20034120138030001A9204F0B160134300D5FFBFFFFDC60,0A8127000000000000000000,-55,11,923250,25,Gen2
737,1,E20034120138030001A9204F0B160135300D5FFBFFFFDC60,0A8127000000000000000000,-56,11,923250,19,Gen2
738,1,E20034120138030001A9204F0B160134000D5FFBFFFFDC60,0A8127000000000000000000,-61,11,923250,0,Gen2
739,2,E200680B00004006B9F184940000000000000000000000000000,E200680B0000000000000000,-55,11,923250,92,Gen2
740,3,E200680B00004006A1B3401F0000000000000000000000000000,E200680B0000000000000000,-51,11,923250,75,Gen2
741,4,E200680B00004006A1B3C0FB0000000000000000000000000000,E200680B0000000000000000,-51,11,923250,2,Gen2
742,4,E200680B00004006A061F8C30000000000000000000000000000,E200680B0000000000000000,-48,11,923250,8,Gen2
743,3,E2006575054875EC,32474,-54,11,923250,140,Gen2
744,3,E200680B00004006A045E0D30000000000000000000000000000,E200680B0000000000000000,-56,11,923250,56,Gen2
745,3,E200680B00004006B9F150C50000000000000000000000000000,E200680B0000000000000000,-58,11,923250,11,Gen2
746,1,E2003412014603000EED2C500A0A0142700D5FFBFFFFDC40,E200001D890102220700C69F,-51,11,923250,84,Gen2
747,1,E2003412014603000EED2C500A0A0143300D5FFBFFFFDC40,E200001D890102220700C69F,-50,11,923250,132,Gen2
748,1,E2003412014603000EED2C500A0A0141300D5FFBFFFFDC40,E200001D890102220700C69F,-49,11,923250,135,Gen2
749,4,E200657505492C59,86517,-54,11,923250,137,Gen2
750,2,E200680B00004006A1B358F40000000000000000000000000000,E200680B0000000000000000,-51,11,923250,174,Gen2
751,3,E200680B000040069F2224430000000000000000000000000000,E200680B0000000000000000,-54,11,923250,56,Gen2
752,1,E20034120169FE0003524F131811015F30055FFBFFFFDC10,959,-51,11,923250,132,Gen2
753,1,E20034120169FE0003524F131811016130055FFBFFFFDC10,959,-51,11,923250,47,Gen2
754,1,E20034120169FE0003524F131811016030055FFBFFFFDC10,959,-49,11,923250,115,Gen2
755,2,E200680B00004006A1B3206A0000000000000000000000000000,E200680B0000000000000000,-54,11,923250,73,Gen2
756,3,E200680B000040069F2570C40000000000000000000000000000,E200680B0000000000000000,-60,11,923250,64,Gen2
757,1,E200680B00004006A04600B60000000000000000000000000000,E200680B0000000000000000,-61,11,923250,140,Gen2
758,2,E28011052000788276140A6B000000000000000000000000,FFFF4630,-44,11,923250,67,Gen2
759,3,E200680B00004006B9F2F8BE0000000000000000000000000000,E200680B0000000000000000,-51,11,923250,45,Gen2
760,1,E280117020001569BB3609C4,800720000000000000022907,-61,11,923250,33,Gen2
761,1,E20034120138C2FFEE07CA262220013630055FFBFFFFDC40,18883,-55,11,923250,70,Gen2
762,2,E20034120138C2FFEE07CA262220013530055FFBFFFFDC40,18883,-57,11,923250,135,Gen2
763,1,E200680B000040069F2614960000000000000000000000000000,E200680B0000000000000000,-49,11,923250,56,Gen2
764,3,E200680B00004006B9F310B60000000000000000000000000000,E200680B0000000000000000,-44,11,923250,61,Gen2
765,3,E28011052000715E76350A6B000000000000000000000000,FFFF006F,-40,11,923250,25,Gen2
766,1,E20034120131FC000B73A20D0318012D100D5FFBFFFFDC50,E200001700BACD0112509ACA,-57,11,923250,39,Gen2
767,1,E20034120131FC000B73A20D0318012E300D5FFBFFFFDC50,E200001700BACD0112509ACA,-56,11,923250,118,Gen2
768,3,E2006575054991E6,84340,-53,11,923250,146,Gen2
769,4,E200680B00004006A1B360550000000000000000000000000000,E200680B0000000000000000,-51,11,923250,87,Gen2
770,1,E200680B000040069F3504CC0000000000000000000000000000,E200680B0000000000000000,-51,11,923250,146,Gen2
771,2,E200680B00004006A1A16C7B0000000000000000000000000000,E200680B0000000000000000,-60,11,923250,109,Gen2
772,3,E200680B000040069F24F8D20000000000000000000000000000,E200680B0000000000000000,-58,11,923250,2,Gen2
773,1,E2003412013601000630D2B9141A0133100D5FFBFFFFDC60,E200001B850B02381420D47B,-55,11,923250,73,Gen2
774,1,E2003412013601000630D2B9141A0132300D5FFBFFFFDC60,E200001B850B02381420D47B,-52,11,923250,120,Gen2
775,1,E2003412013601000630D2B9141A0133300D5FFBFFFFDC60,E200001B850B02381420D47B,-51,11,923250,135,Gen2
776,1,E2003412013903000E77A06A080D0135700D5FFBFFFFDC60,E200001D004C0B0022308FED,-49,11,923250,132,Gen2
777,3,E200680B00004006A1B21C450000000000000000000000000000,E200680B0000000000000000,-58,11,923250,70,Gen2
778,1,E2003412013903000E77A06A080D0134700D5FFBFFFFDC60,E200001D004C0B0022308FED,-49,11,923250,11,Gen2
779,1,E2003412013903000E77A06A080D0133300D5FFBFFFFDC60,E200001D004C0B0022308FED,-55,11,923250,56,Gen2
780,1,E2003412013903000E77A06A080D0137300D5FFBFFFFDC60,E200001D004C0B0022308FED,-54,11,923250,30,Gen2
781,1,E2003412013903000E77A06A080D0135300D5FFBFFFFDC60,E200001D004C0B0022308FED,-54,11,923250,70,Gen2
782,3,E200680B00004006A061B8650000000000000000000000000000,E200680B0000000000000000,-50,11,913250,36,Gen2
783,2,E200600316D91A2C,16753,-55,11,923250,2,Gen2
784,3,E200680B00004006B9F15D0E0000000000000000000000000000,E200680B0000000000000000,-47,11,923250,16,Gen2
785,3,E200680B000040069F3458280000000000000000000000000000,E200680B0000000000000000,-51,11,923250,61,Gen2
786,5,E2003412013103000E8B19701915012C700D5FFBFFFFDC60,AA0004EF55555555AA01CB42,-47,11,923250,90,Gen2
787,5,E200600316D98BE9,17311,-56,11,923250,42,Gen2
788,2,E200680B000040069F2580AD0000000000000000000000000000,E200680B0000000000000000,-49,11,923250,168,Gen2
789,4,E200680B00004006A061F0BD0000000000000000000000000000,E200680B0000000000000000,-46,11,923250,67,Gen2
790,3,E200680B00004006A1B340970000000000000000000000000000,E200680B0000000000000000,-54,11,923250,132,Gen2
791,3,E200680B00004006A1B2E0790000000000000000000000000000,E200680B0000000000000000,-52,11,923250,151,Gen2
792,3,E200680B00004006A1B290BA0000000000000000000000000000,E200680B0000000000000000,-49,11,923250,42,Gen2
793,1,E20034120130C1FFEEE4DFA30C15012C30055FFBFFFFDC60,092220140000000000007280,-55,11,923250,2,Gen2
794,1,E20034120130C1FFEEE4DFA30C15012D30055FFBFFFFDC60,092220140000000000007280,-56,11,923250,45,Gen2
795,4,E200600316D8F961,40794,-51,11,923250,16,Gen2
796,1,E2003412012C020008BEC8AE011B0129300D5FFBFFFFDC50,0F6873000000003FEB000000,-55,11,923250,45,Gen2
797,2,E2003412012C020008BEC8AE011B0127300D5FFBFFFFDC50,0F6873000000003FEB000000,-56,11,923250,47,Gen2
798,2,E200680B00004006A061F50F0000000000000000000000000000,E200680B0000000000000000,-56,11,923250,11,Gen2
799,2,E200341201310200032AF5D6161E012D300D5FFBFFFFDC50,E2000019830602111750C1C5,-51,11,923250,165,Gen2
800,2,E280110520007A8D763E0A6B000000000000000000000000,FFFF42FE,-50,11,923250,132,Gen2
801,3,E200657505496DE6,86442,-55,11,923250,146,Gen2
802,4,E200680B000040069F2618C60000000000000000000000000000,E200680B0000000000000000,-54,11,923250,19,Gen2
803,2,E20065750548983C,32987,-59,11,923250,81,Gen2
804,3,E20065750549819E,66107,-58,11,905250,14,Gen2
805,3,E200680B00004006B9F2DCEF0000000000000000000000000000,E200680B0000000000000000,-59,11,923250,11,Gen2
806,2,E200680B00004006A03148310000000000000000000000000000,E200680B0000000000000000,-50,11,923250,95,Gen2
807,7,E200657505483106,25668,-58,11,923250,33,Gen2
808,2,E200680B00004006A1B360EF0000000000000000000000000000,E200680B0000000000000000,-51,11,923250,45,Gen2
809,3,E28011052000785E761C0A6B000000000000000000000000,FFFF3E01,-46,11,923250,47,Gen2
810,5,E200341201320200032B08131418012F300D5FFBFFFFDC50,E2000019830602361730D402,-54,11,923250,135,Gen2
811,2,E200341201321B00017A873A1C11012F300D5FFBFFFFDC60,E200001D160801672430903F,-54,11,923250,112,Gen2
812,1,E200341201321B00017A873A1C11012E300D5FFBFFFFDC60,E200001D160801672430903F,-52,11,923250,174,Gen2
813,4,E20065750548CC59,78979,-56,11,923250,61,Gen2
814,4,E200680B00004006A1B204FB0000000000000000000000000000,E200680B0000000000000000,-60,11,905250,75,Gen2
815,4,E2006575054999B8,66706,-57,11,923250,157,Gen2
816,4,E200680B00004006A03174650000000000000000000000000000,E200680B0000000000000000,-53,11,923250,132,Gen2
817,2,E200680B000040069F3514B10000000000000000000000000000,E200680B0000000000000000,-55,11,923250,154,Gen2
818,3,E200680B00004006A195384D0000000000000000000000000000,E200680B0000000000000000,-55,11,923250,0,Gen2
819,3,E200600316D946C8,40595,-56,11,913250,92,Gen2
820,6,E200680B00004006A04604EB0000000000000000000000000000,E200680B0000000000000000,-49,11,923250,14,Gen2
821,1,E200341201430200032B1504170B013D300D5FFBFFFFDC40,E2000019830602542070E0F3,-53,11,923250,42,Gen2
822,2,E200341201430200032B1504170B0140300D5FFBFFFFDC40,E2000019830602542070E0F3,-51,11,923250,165,Gen2
823,3,E200680B00004006A1B1F8AA0000000000000000000000000000,E200680B0000000000000000,-51,11,923250,129,Gen2
824,1,E20034120146C3FFEE97616C1306014330055FFBFFFFDC40,E2008347590800391050AB28,-54,11,923250,56,Gen2
825,1,E20034120146C3FFEE97616C1306014110055FFBFFFFDC40,E2008347590800391050AB28,-53,11,923250,163,Gen2
826,1,E20034120146C3FFEE97616C1306014230055FFBFFFFDC40,E2008347590800391050AB28,-53,11,923250,73,Gen2
827,4,E280110C2000798B159D0979,8269E400DDD9014000000000,-57,11,923250,42,Gen2
828,1,E2003412012BFD000AC311E2060C012A300D5FFBFFFFDC50,000000000000000000B40156,-51,11,923250,106,Gen2
829,2,E2003412012BFD000AC311E2060C0129700D5FFBFFFFDC50,000000000000000000B40156,-50,11,923250,149,Gen2
830,1,E2003412013202000A534B3A160A012E300D4AFBFFFFDC50,4E20190A02DDC00000000001,-51,11,923250,33,Gen2
831,1,E2003412013202000A534B3A160A012E700D4AFBFFFFDC50,4E20190A02DDC00000000001,-49,11,923250,5,Gen2
832,1,E2003412013202000A534B3A160A012D700D4AFBFFFFDC50,4E20190A02DDC00000000001,-45,11,913250,16,Gen2
833,3,E200680B00004006B9F2E9070000000000000000000000000000,E200680B0000000000000000,-50,11,923250,106,Gen2
834,1,E200680B000040069F244CA40000000000000000000000000000,E200680B0000000000000000,-54,11,923250,174,Gen2
835,2,E200680B00004006A060F0B00000000000000000000000000000,E200680B0000000000000000,-54,11,923250,5,Gen2
836,1,E20034120134FD000DB3104F19170131700D5FFBFFFFDC50,8A4B3300555555558A4B3300,-46,11,923250,5,Gen2
837,1,E2003412013303000EECF1181E10012F300D5FFBFFFFDC50,E200001D8901016609008B67,-51,11,923250,135,Gen2
838,2,E20034120134FD000DB3104F1917012F300D5FFBFFFFDC50,8A4B3300555555558A4B3300,-51,11,923250,165,Gen2
839,2,E2003412013303000EECF1181E100130300D5FFBFFFFDC50,E200001D8901016609008B67,-51,11,923250,132,Gen2
840,1,E20034120134FD000DB3104F19170131300D5FFBFFFFDC50,8A4B3300555555558A4B3300,-50,11,923250,50,Gen2
841,4,E200680B00004006A1B340FD0000000000000000000000000000,E200680B0000000000000000,-49,11,923250,101,Gen2
842,3,E200680B00004006A1B37C0D0000000000000000000000000000,E200680B0000000000000000,-55,11,923250,120,Gen2
843,2,E20065750549127C,61889,-55,11,923250,81,Gen2
844,1,E20034120140FF000C4EFAE90818013A100D5FFBFFFFDC40,E20000203910014319207208,-58,11,923250,95,Gen2
845,1,E20034120140FF000C4EFAE90818013D300D5FFBFFFFDC40,E20000203910014319207208,-55,11,923250,11,Gen2
846,2,E2003412014BC3FFEE912D6B0921014730055FFBFFFFDC40,E200834759020066137088CD,-50,11,923250,160,Gen2
847,1,E2003412014BC3FFEE912D6B0921014630055FFBFFFFDC40,E200834759020066137088CD,-51,11,923250,73,Gen2
848,4,E20065750548EDDE,68762,-59,11,923250,132,Gen2
849,2,E2003412013AF6000F6F66F4110A0138300D5FFBFFFFDC40,AABB0000DA01330000000000,-52,11,923250,14,Gen2
850,1,E20034120137F2001171E83A2010013410055FFBFFFFDC50,E2005120004F4D000340E83A,-56,11,923250,157,Gen2
851,1,E20034120182FF0005F29D1F2316018010055FFBFFFFDC00,000000000000000000AE043F,-61,11,923250,78,Gen2
852,1,E2003412013AF6000F6F66F4110A0137300D5FFBFFFFDC40,AABB0000DA01330000000000,-49,11,923250,109,Gen2
853,1,E20034120182FF0005F29D1F2316018030055FFBFFFFDC00,000000000000000000AE043F,-57,11,923250,11,Gen2
854,1,E2003412013AF6000F6F66F4110A0136300D5FFBFFFFDC40,AABB0000DA01330000000000,-53,11,923250,115,Gen2
855,1,E20034120137F2001171E83A2010013400055FFBFFFFDC50,E2005120004F4D000340E83A,-58,11,923250,67,Gen2
856,1,E20034120182FF0005F29D1F2316017F30055FFBFFFFDC00,000000000000000000AE043F,-57,11,923250,0,Gen2
857,3,E200341201751D0005B9783710040173300D5FFBFFFFDC00,E20000193203015426200F7F,-50,11,923250,42,Gen2
858,1,E200341201751D0005B9783710040173700D5FFBFFFFDC00,E20000193203015426200F7F,-49,11,923250,70,Gen2
859,2,E200680B00004006A194A42B0000000000000000000000000000,E200680B0000000000000000,-60,11,923250,19,Gen2
860,1,E200341201751D0005B9783710040172300D5FFBFFFFDC00,E20000193203015426200F7F,-52,11,923250,42,Gen2
861,1,E200341201751D0005B9783710040172100D5FFBFFFFDC00,E20000193203015426200F7F,-55,11,923250,64,Gen2
862,5,E20065750549AA8D,58539,-56,11,923250,75,Gen2
863,2,E2003412015DC2FFEEFE8A4D1F07015B300D5FFBFFFFDC00,50564500000000000000002B,-55,11,923250,165,Gen2
864,1,E2003412015DC2FFEEFE8A4D1F07015A300D5FFBFFFFDC00,50564500000000000000002B,-55,11,923250,146,Gen2
865,3,E200680B00004006A0C188B50000000000000000000000000000,E200680B0000000000000000,-60,11,908750,84,Gen2
866,4,E200600316D9304F,53797,-58,11,923250,165,Gen2
867,1,E2003412012C1C00014C3AB71F1C0129700D5FFBFFFFDC50,E200001D7619014706007BD1,-51,11,923250,106,Gen2
868,2,E2003412012C1C00014C3AB71F1C0129300D5FFBFFFFDC50,E200001D7619014706007BD1,-54,11,923250,22,Gen2
869,4,E200680B00004006A192BC700000000000000000000000000000,E200680B0000000000000000,-51,11,923250,75,Gen2
870,2,E2003412014BC3FFEE9135070404014610055FFBFFFFDC40,E20083475902020213209069,-56,11,923250,75,Gen2
871,1,E2003412014BC3FFEE9135070404014730055FFBFFFFDC40,E20083475902020213209069,-55,11,923250,25,Gen2
872,3,E20034120131FC000D1CB0F30502012D300D5FFBFFFFDC60,E2000019081001520650D64C,-57,11,923250,84,Gen2
873,1,E20034120131FC000D1CB0F30502012C300D5FFBFFFFDC60,E2000019081001520650D64C,-56,11,923250,11,Gen2
874,3,E200600316D9A0B8,77588,-58,11,923250,73,Gen2
875,2,E200680B000040069F34E0BA0000000000000000000000000000,E200680B0000000000000000,-53,11,923250,120,Gen2
876,3,E200680B00004006A1B36C760000000000000000000000000000,E200680B0000000000000000,-58,11,923250,92,Gen2
877,5,E2801105200074D4762E0A6B000000000000000000000000,FFFF4C83,-48,11,923250,95,Gen2
878,7,E200600316D98D1D,26668,-58,11,913250,11,Gen2
879,5,E200657505495E55,82885,-58,11,923250,115,Gen2
880,2,E200680B00004006A032B90E0000000000000000000000000000,E200680B0000000000000000,-61,11,923250,47,Gen2
881,4,E200680B00004006A1B369330000000000000000000000000000,E200680B0000000000000000,-60,11,923250,106,Gen2
882,2,E2003412012A1C00014CA7FD0D130127300D5FFBFFFFDC50,E200001D761902620730E917,-58,11,923250,2,Gen2
883,1,E2003412012A1C00014CA7FD0D130128300D5FFBFFFFDC50,E200001D761902620730E917,-59,11,923250,25,Gen2
884,3,E200680B00004006A061D0280000000000000000000000000000,E200680B0000000000000000,-55,11,923250,160,Gen2
885,3,E200680B00004006A1B1C8D10000000000000000000000000000,E200680B0000000000000000,-51,11,923250,171,Gen2
886,4,E200657505496BC5,81668,-55,11,923250,104,Gen2
887,4,E200680B00004006A1B334AB0000000000000000000000000000,E200680B0000000000000000,-60,11,923250,109,Gen2
888,3,E200680B00004006B9F0C4C60000000000000000000000000000,E200680B0000000000000000,-50,11,923250,123,Gen2
889,3,E200680B000040069F34DD140000000000000000000000000000,E200680B0000000000000000,-56,11,923250,39,Gen2
890,3,E200600316D90775,40740,-58,11,923250,56,Gen2
891,1,E2003412012B01000AD1D57712030127000D5FFBFFFFDC50,E200001DC81C200007805FE5,-59,11,923250,33,Gen2
892,5,E280110520007154762C0A6B000000000000000000000000,FFFF4C84,-51,11,923250,33,Gen2
893,6,E200657505499E76,84441,-55,11,913250,14,Gen2
894,1,E2003412012B01000AD1D57712030126300D5FFBFFFFDC50,E200001DC81C200007805FE5,-56,11,923250,165,Gen2
895,1,E2003412012B01000AD1D57712030127300D5FFBFFFFDC50,E200001DC81C200007805FE5,-47,11,923250,151,Gen2
896,3,E2003412012A020008BE7DD40E0D0126300D5FFBFFFFDC50,0F6351000000000000000000,-50,11,923250,56,Gen2
897,3,E2003412013001000C482A04011A012C300D5FFBFFFFDC40,E200001D1707014512307420,-57,11,923250,84,Gen2
898,1,E2003412012A020008BE7DD40E0D0127700D5FFBFFFFDC50,0F6351000000000000000000,-51,11,923250,8,Gen2
899,1,E2003412012A020008BE7DD40E0D0127300D5FFBFFFFDC50,0F6351000000000000000000,-51,11,923250,146,Gen2
900,1,E200680B000040069F224C160000000000000000000000000000,E200680B0000000000000000,-61,11,923250,78,Gen2
901,4,E200680B00004006A060E4CA0000000000000000000000000000,E200680B0000000000000000,-53,11,923250,129,Gen2
902,2,E2003412013303000EECBDDD17010132300D5FFBFFFFDC50,E200001D890101200210582C,-57,11,923250,73,Gen2
903,1,E2003412013303000EECBDDD1701012F300D5FFBFFFFDC50,E200001D890101200210582C,-58,11,923250,16,Gen2
904,1,E2003412013303000EECBDDD17010131300D5FFBFFFFDC50,E200001D890101200210582C,-58,11,923250,123,Gen2
905,1,E200680B00004006B9F0409D0000000000000000000000000000,E200680B0000000000000000,-59,11,923250,115,Gen2
906,3,E200680B00004006A1B2A0620000000000000000000000000000,E200680B0000000000000000,-51,11,923250,39,Gen2
907,3,E20065750548DE32,78861,-55,11,923250,22,Gen2
908,2,E200680B00004006A1B240950000000000000000000000000000,E200680B0000000000000000,-58,11,923250,33,Gen2
909,2,E200680B00004006A032A52D0000000000000000000000000000,E200680B0000000000000000,-61,11,923250,16,Gen2
910,3,E200680B00004006A1B360750000000000000000000000000000,E200680B0000000000000000,-47,11,923250,154,Gen2
911,1,E2003412014AC3FFEE970FA30B16014610055FFBFFFFDC40,E2008347590801541810595F,-57,11,923250,132,Gen2
912,4,E20065750549BAC1,84752,-52,11,923250,16,Gen2